cp7,consumo_anual_kwh,n_registos,producao_total_kwh,balanco_kwh,taxa_autossuficiencia_%
3800-003,1658401.412447,17544,884768.811825136,-773632.600621864,53.350702983281
3800-004,779742.94113,17544,384728.67913328,-395014.26199672004,49.34045040224832
3800-005,606026.3808475,17544,194052.5502026016,-411973.83064489847,32.02047903116495
3800-006,447365.405953,17544,249212.2730338688,-198153.1329191312,55.706648238252676
3800-007,168565.1629645,17544,61638.737133737595,-106926.4258307624,36.56671167975484
3800-008,750532.240082,17544,535929.49067568,-214602.74940632004,71.40659148994406
3800-009,2079324.5432165,17544,239271.11731434878,-1840053.4259021513,11.507155922096755
3800-011,449728.5640005,17544,60406.5100475456,-389322.0539529544,13.431770824207295
3800-012,1284077.1137105,17544,449166.41711690876,-834910.6965935912,34.9797073961537
3800-013,693634.7049825,17544,80419.7828194176,-613214.9221630825,11.593967580016997
3800-018,304496.731866,17544,293551.0181004992,-10945.713765500812,96.4053099360299
3800-019,395879.826271,17544,238456.775935648,-157423.05033535202,60.23463690529462
3800-020,105237.727371,17544,117989.01753620477,12751.290165204773,112.11665291882633
3800-022,276401.212558,17544,226751.2138956096,-49649.9986623904,82.03698232620023
3800-025,596212.354051,17544,1475536.574787859,879324.2207368591,247.48507218313054
3800-026,1205767.872067,17544,950523.306482512,-255244.56558448798,78.8313678364201
3800-027,272277.049847,17544,2721922.962174141,2449645.912327141,999.6887228298032
3800-032,351118.475522,17544,1086586.1785071038,735467.7029851038,309.46425615789667
3800-034,810799.059276,17544,334225.226962976,-476573.83231302403,41.22170877472664
3800-035,229965.788327,17544,765983.3112737983,536017.5229467984,333.08576760322626
3800-038,178629.2196415,17544,1090854.327399856,912225.1077583559,610.6807887249055
3800-043,5641434.250289,17544,4991950.749278182,-649483.5010108175,88.48726277404464
3800-044,159157.214911,17544,539077.3248939328,379920.1099829328,338.70743792254876
3800-047,181946.60899,17544,660923.7489608256,478977.13997082564,363.2514794475509
3800-048,207737.9358215,17544,975157.1331882111,767419.1973667111,469.416974483717
3800-051,426848.1293095,17544,380352.18950154877,-46495.93980795122,89.10714687137873
3800-054,270162.960617,17544,949341.0828143104,679178.1221973104,351.3957208072486
3800-055,29878399.447781,17544,1240140.7223677663,-28638258.725413233,4.150626356459227
3800-056,360377.690184,17544,1880946.4294904543,1520568.7393064543,521.9375340715707
3800-063,304786.0937605,17544,568588.8659688385,263802.7722083384,186.55341487319754
3800-065,437856.011558,17544,1341353.593168192,903497.5816101921,306.3458209458685
3800-071,693763.81951,17544,27395.9202708832,-666367.8992391167,3.9488828186849996
3800-072,367997.780983,17544,170325.9283661568,-197671.8526168432,46.284498757351244
3800-079,151440.2865205,17544,695416.582913632,543976.2963931321,459.2018404689796
3800-087,626260.5111525,17544,2015325.8531093695,1389065.3419568695,321.8031182264053
3800-088,1096466.9274155,17544,387649.1168554336,-708817.8105600663,35.35438298801841
3800-089,67279.945871,17544,337956.43439111684,270676.48852011684,502.3137727237498
3800-090,95689.214736,17544,173109.4519676224,77420.23723162239,180.90800770517296
3800-091,518874.051391,17544,328285.5352402592,-190588.5161507408,63.26882879577227
3800-093,104166.4148755,17544,189264.1276512352,85097.7127757352,181.69400173505466
3800-094,145470.976743,17544,402696.5739978304,257225.59725483038,276.8226233259329
3800-095,442081.2169105,17544,227607.22478930242,-214473.9921211976,51.485386866228666
3800-096,671119.1174585,17544,576359.6352360608,-94759.48222243914,85.88037804953473
3800-097,133296.249837,17544,281275.178983856,147978.92914685598,211.01507306305356
3800-098,253884.519566,17544,267051.5876807296,13167.068114729569,105.18624299631891
3800-099,254123.839518,17544,450315.3051731168,196191.4656551168,177.20309358902955
3800-100,504973.715829,17544,914635.1390562592,409661.4232272592,181.12529630472557
3800-102,147667.936453,17544,293661.7399546208,145993.80350162077,198.86628540251047
3800-103,209882.602516,17544,260128.4954042016,50245.892888201575,123.9399989736506
3800-104,62566.164227,17544,213259.8154987712,150693.6512717712,340.8548664179422
3800-105,223357.998459,17544,253467.3257933376,30109.327334337606,113.48029958276355
3800-106,341500.0748485,17544,118670.01646693119,-222830.05838156882,34.74963117345637
3800-109,146338.015282,17544,524463.2307074527,378125.21542545274,358.3916521600954
3800-110,157780.97218,17544,320101.6424958304,162320.67031583042,202.87721521366427
3800-111,1267530.047702,17544,421868.122566864,-845661.925135136,33.2826920617543
3800-112,1614756.007205,17544,1241286.038751261,-373469.96845373884,76.87143030976038
3800-113,591984.525409,17544,1158997.0805450592,567012.5551360592,195.7816515126493
3800-114,263371.377017,17544,384466.756467616,121095.37945061602,145.97894456951545
3800-117,1258014.479843,17544,147054.0995219104,-1110960.3803210896,11.689380518121121
3800-118,229182.5545005,17544,731490.477320992,502307.92282049207,319.1737167409032
3800-119,155237.422002,17544,381591.559933168,226354.137931168,245.8115801022847
3800-121,180154.989279,17544,94510.0316745696,-85644.9576044304,52.46040204204674
3800-122,100129.103181,17544,924512.0046669344,824382.9014859344,923.3199692158685
3800-125,1271621.3520165,17544,1511839.0562488895,240217.70423238957,118.89066299897051
3800-126,335983.078792,17544,172767.76194468798,-163215.31684731203,51.42156639729015
3800-127,773442.020974,17544,679320.244551008,-94121.776422992,87.83079094869142
3800-128,180659.048151,17544,1146614.0912470082,965955.0430960082,634.6840100079767
3800-129,1312937.040865,17544,1388125.837910355,75188.79704535496,105.72676333328354
3800-132,614241.758367,17544,3705677.1115839873,3091435.353216987,603.2929316684299
3800-136,131234.6589285,17544,214488.4709122496,83253.81198374962,163.4388908109316
3800-139,154894.485819,17544,340497.0842480576,185602.59842905763,219.82518128239968
3800-141,273128.8716615,17544,358907.8665290944,85778.99486759439,131.4060517827291
3800-142,217913.5808005,17544,242408.2365144608,24494.65571396079,111.24053655764837
3800-146,1657314.614148,17544,311948.7042482528,-1345365.9098997472,18.82253988381203
3800-147,438978.20044,17544,77073.1254867744,-361905.07495322556,17.55739246493832
3800-148,734617.863052,17544,757477.9679851456,22860.10493314569,103.11183624615012
3800-149,637089.118239,17544,1494662.882169187,857573.7639301871,234.6081324227663
3800-151,142802.413502,17544,277683.2667915456,134880.8532895456,194.45278268189531
3800-152,173861.143167,17544,206392.67942808958,32531.536261089583,118.71121727863128
3800-157,697179.035103,17544,624362.9165068448,-72816.1185961552,89.55560696322466
3800-159,2281911.7562485,17544,1600098.6606746593,-681813.0955738409,70.12097011609455
3800-160,1018948.5818775,17544,362325.95731600956,-656622.6245614905,35.55880677005241
3800-161,700753.766887,17544,526289.5460216736,-174464.22086532635,75.10334883530358
3800-162,965071.031956,17544,343511.576018336,-621559.455937664,35.594434465835
3800-163,213156.608035,17544,111848.1215839552,-101308.48645104481,52.47227501649393
3800-164,584567.5429595,17544,423569.42933610885,-160998.11362339114,72.45859515081811
3800-165,1262091.104094,17544,809512.4771920128,-452578.62690198724,64.14057389090992
3800-166,1060390.7537915,17544,1280379.187159184,219988.43336768379,120.74597808223997
3800-167,696491.701201,17544,461564.88366338564,-234926.81753761438,66.26997606252641
3800-168,370922.0972705,17544,499398.4221609792,128476.32489047921,134.6370102606171
3800-169,303179.0204385,17544,430777.06487215357,127598.04443365359,142.0866998808504
3800-170,371740.4207185,17544,298302.5333671584,-73437.8873513416,80.24484741008233
3800-172,302976.2137765,17544,686931.4791036897,383955.26532718964,226.7278577883432
3800-174,231608.844888,17544,287279.1608154176,55670.3159274176,124.03635144173286
3800-175,341179.9019685,17544,161905.1146650592,-179274.7873034408,47.454470128784834
3800-176,686952.228073,17544,377985.3610500032,-308966.86702299677,55.023529381410796
3800-177,1343514.086669,17544,774667.2381981312,-568846.8484708689,57.65977788284887
3800-182,360547.8092045,17544,211701.3756380704,-148846.4335664296,58.7165890995596
3800-183,690317.6342075,17544,121963.09870887041,-568354.5354986296,17.667678278114213
3800-184,520798.7444125,17544,180565.914036048,-340232.830376452,34.670958018483674
3800-185,155225.597595,17544,186671.0932611616,31445.495666161587,120.25793178017341
3800-189,182896.088952,17544,652316.0177210496,469419.9287690496,356.65935857832704
3800-190,81328.4634265,17544,411506.7000247104,330178.2365982104,505.98115676513
3800-192,136414.667218,17544,471303.6445958016,334888.9773778016,345.4933800062907
3800-194,272377.0000235,17544,238115.08591271358,-34261.91411078643,87.4211427147555
3800-196,377405.2019895,17544,632403.9423427297,254998.74035322963,167.56630248046343
3800-197,366798.7425355,17544,19450.139040694397,-347348.6034948056,5.302673315138738
3800-200,672956.3517215,17544,290547.2413483616,-382409.11037313845,43.174752806048744
3800-201,525388.319283,17544,922277.3281057919,396889.008822792,175.54203134253697
3800-202,126650.577542,17544,1063788.1915761952,937137.6140341952,839.9394714354308
3800-203,353710.647877,17544,569615.1265952128,215904.47871821286,161.03985843063788
3800-204,440063.601106,17544,557728.599804352,117664.99869835202,126.73818020909427
3800-205,487938.591201,17544,97480.4728147136,-390458.11838628637,19.978020712560895
3800-206,220666.4147595,17544,399924.9559720768,179258.5412125768,181.23508120071065
3800-207,282490.3774715,17544,445336.3934103584,162846.01593885839,157.6465709722405
3800-212,98826.997265,17544,60836.3013307488,-37990.6959342512,61.55838284514411
3800-213,441548.1193745,17544,274880.6942689408,-166667.42510555923,62.25384781580286
3800-214,255650.828306,17544,463994.8116662048,208343.98336020482,181.4955244779526
3800-216,130157.1587515,17544,279169.0826404032,149011.92388890317,214.48615298479376
3800-217,421341.393512,17544,418727.4316940384,-2613.9618179615936,99.37960953796315
3800-220,405875.9521075,17544,217126.7464900288,-188749.2056174712,53.49583915050991
3800-221,435204.897176,17544,247808.605657424,-187396.291518576,56.94067490173678
3800-222,153565.480082,17544,58052.7777292832,-95512.70235271679,37.80327303915211
3800-223,780270.1086555,17544,700478.8337063745,-79791.27494912548,89.77389059711443
3800-225,694284.120992,17544,78388.69160295039,-615895.4293890495,11.290578198871646
3800-226,437592.385152,17544,102421.2867351936,-335171.09841680643,23.405637348926223
3800-234,356163.031348,17544,872747.7520287297,516584.72068072966,245.04164531775473
3800-235,744076.631963,17544,632775.396304944,-111301.2356580561,85.0416972020174
3800-236,174346.727001,17544,720063.5057526145,545716.7787516145,413.006609380447
3800-239,218886.715661,17544,226207.1290855712,7320.413424571219,103.3443845152799
3800-243,555980.8258795,17544,132214.9899544736,-423765.83592502645,23.78049454229364
3800-244,614441.5176395,17544,834423.7038118016,219982.18617230165,135.80197298799197
3800-245,434830.079337,17544,217737.50252405438,-217092.5768129456,50.074158359984224
3800-248,474799.8442725,17544,744935.4439725536,270135.5997000536,156.89462685354542
3800-250,183507.804528,17544,168004.3411023168,-15503.463425683207,91.55160541233676
3800-251,467089.079199,17544,849898.5711222593,382809.4919232592,181.95642094217447
3800-253,695685.733693,17544,285098.0593449791,-410587.6743480209,40.980869024229605
3800-254,567907.400631,17544,683772.929867296,115865.52923629596,120.4021868895454
3800-256,238019.0099805,17544,747393.9453570816,509374.9353765816,314.00598860499116
3800-257,819895.1948935,17544,596114.5570149823,-223780.63787851762,72.7061898554503
3800-259,245948.9247045,17544,184220.925779632,-61727.99892486801,74.90210660647033
3800-260,2069707.6456845,17544,932873.2904894721,-1136834.3551950278,45.072708333207586
3800-261,892921.139042,17544,408283.860679472,-484637.2783625281,45.724515058240506
3800-263,158886.034993,17544,393709.0548928416,234823.0198998416,247.79336642782175
3800-265,123088.298488,17544,158202.48061862722,35114.18213062722,128.52763630821536
3800-269,473903.829575,17544,513038.6402542176,39134.810679217626,108.25796464112013
3800-271,59046.4547945,17544,108881.25211652479,49834.79732202479,184.3993047431304
3800-272,139674.644943,17544,87096.42967870721,-52578.21526429278,62.35665013807661
3800-273,522337.118731,17544,25639.8478533632,-496697.2708776368,4.908678118770178
3800-276,823314.4192685,17544,613813.3858684415,-209501.0334000584,74.55394579555691
3800-277,568577.999713,17544,336902.7909406048,-231675.2087723952,59.2535749027684
3800-279,486869.987199,17544,237144.7814921856,-249725.20570681442,48.70803042440499
3800-280,465574.4709145,17544,316895.4709565888,-148678.9999579112,68.0654741086061
3800-281,320801.9854915,17544,149795.95360838398,-171006.03188311603,46.69421025523952
3800-282,692125.6776055,17544,723222.054989008,31096.37738350802,104.49288017908684
3800-284,482753.479983,17544,293279.5709742656,-189473.90900873445,60.75141519116409
3800-287,688832.96598,17544,737362.3072621505,48529.341282150475,107.04515371344168
3800-290,126579.2223885,17544,506783.4507751328,380204.2283866328,400.3685922636662
3800-292,79486.67633,17544,367610.8423745664,288124.16604456643,462.4810840604013
3800-298,206535.333117,17544,2842344.2888283073,2635808.9557113075,1376.2024375839608
3800-302,155754.3569685,17544,702087.2769850657,546332.9200165656,450.76573821113516
3800-303,675154.61974,17544,207753.48673197124,-467401.13300802873,30.771245675838887
3800-305,355245.8034385,17544,455632.335286096,100386.531847596,128.25833011282143
3800-306,346191.802141,17544,1140063.6434902656,793871.8413492655,329.31560956660974
3800-307,536443.4252905,17544,1225282.5638791905,688839.1385886904,228.40853408086113
3800-310,332643.62747,17544,322900.6433457216,-9742.984124278417,97.07104440918319
3800-313,380074.9002255,17544,1014755.0780063232,634680.1777808232,266.98818506674996
3800-316,252214.181753,17544,134354.42190992,-117859.75984308001,53.269971171366095
3800-319,174433.155136,17544,681366.8130159008,506933.65787990077,390.6177197131249
3800-320,1592825.496025,17544,885068.8323330784,-707756.6636919216,55.56596341167476
3800-322,422591.2763935,17544,422476.4974857472,-114.77890775277046,99.97283926238792
3800-325,796792.5939255,17544,221868.7372961184,-574923.8566293817,27.845230865293797
3800-326,308637.79356,17544,937262.8762544864,628625.0826944864,303.67728638919266
3800-327,317607.897416,17544,3677665.6730487933,3360057.775632793,1157.9263938238346
3800-328,276736.514686,17544,746199.816113168,469463.301427168,269.64270217822394
3800-330,565390.282371,17544,467333.1350958496,-98057.14727515046,82.65673282109809
3800-331,694875.3654125,17544,120714.2038166816,-574161.1615958184,17.372065527898208
3800-332,161104.8925185,17544,141001.3048299296,-20103.587688570406,87.5214294399769
3800-336,405851.356769,17544,809164.8343812225,403313.4776122225,199.3746776709134
3800-337,126837.563998,17544,220013.84860018882,93176.28460218883,173.46111172842933
3800-343,186514.586624,17544,368556.1450860992,182041.55846209923,197.60178104948002
3800-346,221805.706398,17544,658643.8312119776,436838.1248139776,296.94629678739255
3800-350,210194.142908,17544,130448.2025188128,-79745.9403891872,62.06081706848927
3800-351,532011.0863735,17544,148511.3419890592,-383499.7443844407,27.915084063642308
3800-355,1259594.9796175,17544,594784.704207952,-664810.275409548,47.22031397652678
3800-356,364415.120139,17544,184501.8973664352,-179913.2227725648,50.62959442957803
3800-357,267433.0085095,17544,151668.7006678816,-115764.3078416184,56.7127825817709
3800-359,290552.8928165,17544,379990.259999904,89437.36718340404,130.7817851395094
3800-360,173368.291431,17544,588079.4839669536,414711.1925359536,339.2082134010113
3800-365,1469950.355881,17544,333954.97039431357,-1135995.3854866864,22.7187924448075
3800-370,234671.463884,17544,41506.4086047456,-193165.0552792544,17.68702846003575
3800-371,808114.2873985,17544,427699.47355060163,-380414.8138478984,52.92561710886978
3800-372,270058.564173,17544,331867.92297200003,61809.35879900004,122.88739073625707
3800-378,597778.4505030001,17544,572429.6046935297,-25348.845809470396,95.75949153266721
3800-381,3972633.115244,17544,88615.5811395584,-3884017.5341044418,2.2306510208435295
3800-385,2762460.1031285,17544,328303.3936038272,-2434156.7095246725,11.884457380290199
3800-388,630253.086493,17544,1069246.8980401473,438993.8115471472,169.65357583409835
3800-389,223848.539078,17544,1473399.523947555,1249550.984869555,658.2127049013928
3800-395,155393.232006,17544,322047.0135671712,166653.78156117117,207.24648648451844
3800-423,259431.057148,17544,460630.2959699936,201199.23882199358,177.55402958837485
3800-428,365590.297672,17544,631656.272188016,266065.97451601597,172.77708850871224
3800-435,150332.254518,17544,44779.2513679744,-105553.0031500256,29.786855463285004
3800-438,1159503.8658985,17544,946956.3959991969,-212547.46989930305,81.6691020918158
3800-508,229635.141181,17544,94368.3553235968,-135266.7858574032,41.094910316542105
3800-522,391073.006458,17544,2415360.3403779967,2024287.3339199966,617.623896431573
3800-523,535898.5617525,17544,1788569.8769834752,1252671.3152309752,333.7515725241879
3800-525,9919163.810427,17544,371925.42301259516,-9547238.387414405,3.749564279013399
3800-527,689699.819698,17544,898094.7227195776,208394.90302157763,130.2153048427398
3800-533,3817121.1269445,17544,19648250.201657224,15831129.074712723,514.740023913915
3800-536,45286670.348203,17544,7182654.066528311,-38104016.28167469,15.860415462876535
3800-540,1248151.5288055,17544,2048437.640279584,800286.1114740842,164.11770470208614
3800-541,112047.229616,17544,1415953.9305795839,1303906.7009635838,1263.7116825040982
3800-543,160030.468559,17544,75736.12933431679,-84294.33922468321,47.32606860198901
3800-544,231690.7216335,17544,1524087.5125413951,1292396.7909078952,657.8111983924298
3800-545,148122.317925,17544,363453.415335936,215331.097410936,245.37383726331257
3800-546,139320.997163,17544,480932.8742316672,341611.8770686672,345.19769742172815
3800-547,138228.328495,17544,1245057.7251368223,1106829.3966418223,900.725443686356
3800-548,148428.5350915,17544,1442078.3353644256,1293649.8002729255,971.5640826579905
3800-552,763447.004729,17544,196266.98728503363,-567180.0174439664,25.70800410104462
3800-553,243344.186455,17544,204113.9522368128,-39230.23421818719,83.8787049776339
3800-554,206936.0186805,17544,69459.5098189504,-137476.5088615496,33.56569352297861
3800-557,385745.5919415,17544,703936.2128931392,318190.6209516392,182.48716967837552
3800-559,163027.0121485,17544,406367.06298984,243340.05084133998,249.2636389727142
3800-565,357137.21304349997,17544,1425993.9025775136,1068856.6895340136,399.28460280721987
3800-567,306146.2946385,17544,878744.5905148641,572598.295876364,287.03420747015497
3800-574,219741.812579,17544,958788.1571417825,739046.3445627824,436.32486047555733
3800-580,272889.429387,17544,1080107.1642046336,807217.7348176336,395.8039586329569
3800-582,695779.9392635,17544,539427.3488198656,-156352.59044363443,77.52844231049009
3800-585,319506.035645,17544,774337.4537509087,454831.4181059087,242.35456215646187
3800-587,16576603.400835,17544,5162220.721438493,-11414382.679396506,31.141607219597596
3800-589,249459.078686,17544,438599.0281149376,189139.9494289376,175.82003045357692
3800-595,297698.0654465,17544,1382618.318585984,1084920.253139484,464.4364472144873
3800-596,739128.8718375,17544,3483589.311694768,2744460.439857268,471.31013879006565
3800-597,281960.914768,17544,1253360.6736383713,971399.7588703713,444.51574952140004
3800-598,75481.9078385,17544,334062.12057572155,258580.21273722156,442.57243906775125
3800-599,89786.296084,17544,216393.3630261696,126607.0669421696,241.009343813138
3800-604,227944.7825315,17544,1112148.640118339,884203.8575868391,487.9026524613037
3800-605,222838.707606,17544,643339.2136342016,420500.50602820155,288.70173433768355
3800-607,304326.145888,17544,589848.6525177568,285522.50662975677,193.8212212416466
3800-610,144223.8670895,17544,786364.4663351713,642140.5992456712,545.2387889774045
3800-614,148782.427331,17544,91221.71166291522,-57560.7156680848,61.31215446564262
3800-619,182970.501511,17544,484843.85585305915,301873.3543420591,264.9847116606995
3800-620,171492.047553,17544,163601.6592040192,-7890.388348980807,95.39897711785017
3800-625,821363.1805125,17544,1242312.2993776351,420949.1188651351,151.25005951721363
3800-627,764517.09104,17544,1759831.0077722783,995313.9167322783,230.18857634409676
3800-628,912068.8948495,17544,1660614.7020187553,748545.8071692552,182.07119126595938
3800-630,167249.3989905,17544,574629.7550851072,407380.35609460715,343.5765739987783
3800-633,125379.237382,17544,164612.442581968,39233.205199968,131.29162851775368
3800-634,366930.909131,17544,743497.250426544,376566.341295544,202.6259527133769
3800-637,502064.445556,17544,1229280.45620328,727216.01064728,244.84515226764185
3800-638,217440.876479,17544,130352.95791311681,-87087.91856588318,59.94869043204305
3800-639,1574467.762771,17544,1602121.4179881283,27653.65521712834,101.75638116390896
3800-682,138554.398388,17544,790234.9689991424,651680.5706111424,570.3427521558807
3800-683,143694.103814,17544,32174.81836168,-111519.28545232001,22.39118899640281
3800-687,691381.9674535,17544,697613.1616324959,6231.194178995909,100.9012665172548
3800-692,491847.7766065,17544,177243.06785482878,-314604.7087516712,36.03616327753192
3800-693,248763.055292,17544,894362.3247338656,645599.2694418656,359.52377401220457
3800-695,84473.4397855,17544,877881.436275744,793407.996490244,1039.2395982748103
3800-698,695552.857633,17544,168975.836080416,-526577.021552584,24.293744785327878
3800-700,693453.7308395,17544,842963.5732700191,149509.84243051917,121.56017565144852
3800-714,692810.679534,17544,939413.0232280735,246602.3436940735,135.59447782472748
3800-721,202245.125329,17544,833441.4938155615,631196.3684865616,412.09472537831005
3800-730,264523.456362,17544,408562.4511511328,144038.9947891328,154.45225794721796
3800-731,211217.656699,17544,341087.6008033728,129869.94410437279,161.48631044110417
3800-732,103053.742682,17544,183789.9439388576,80736.20125685762,178.34378369545573
3800-734,446511.5564345,17544,538414.1843267744,91902.62789227447,120.5823626662966
3800-735,167049.129886,17544,478508.899016704,311459.769130704,286.4480044542912
3800-736,361799.491364,17544,637406.665256912,275607.173892912,176.17677207169663
3800-738,319565.494119,17544,286907.7068532032,-32657.787265796796,89.78056521533088
3800-739,922305.932989,17544,402001.2883762496,-520304.6446127504,43.58654476757488
3800-740,570726.066714,17544,706410.1915260928,135684.12481209286,123.7739491369835
3800-741,272089.845917,17544,485293.8866149728,213204.04069797276,178.35795561551745
3800-743,487269.4201545,17544,1162243.7310417215,674974.3108872215,238.5217875304396
3800-745,346334.151335,17544,98492.44675023359,-247841.7045847664,28.438560381810113
3800-746,305366.83102,17544,829025.7157839808,523658.8847639808,271.48518816363645
3800-747,533911.178268,17544,510698.0040692384,-23213.17419876164,95.65224045803558
3800-749,460637.1185495,17544,1719329.4297576256,1258692.3112081257,373.2503006209359
3800-750,299608.473466,17544,529933.8427471168,230325.36928111681,176.87545235841085
3800-751,136450.161859,17544,179096.7659931872,42646.60413418719,131.25434484882166
3800-752,356076.5659945,17544,1134046.5655254207,777969.9995309208,318.48390875094464
3800-762,181419.112593,17544,695104.6568299776,513685.54423697764,383.14852657745723
3800-763,287895.7109355,17544,949517.285334848,661621.574399348,329.8129319986908
3800-764,521059.117457,17544,972847.4515000832,451788.3340430832,186.70577270541025
3800-771,288620.286349,17544,549285.1655094016,260664.8791604016,190.31412256490012
3800-773,165495.101423,17544,479587.5441762112,314092.4427532112,289.7895708407715
3800-775,229128.904794,17544,1625150.3730878497,1396021.4682938496,709.2733998571472
3800-777,549956.0315995,17544,896829.160021392,346873.12842189206,163.07288373818562
3800-778,317849.235889,17544,2157167.6915845666,1839318.4556955667,678.676381131178
3800-781,126551.4478895,17544,730252.2974469439,603700.849557444,577.0398597766917
3800-785,119449.490214,17544,772890.9263019008,653441.4360879008,647.0441396754615
3800-787,160672.418724,17544,613962.2055648415,453289.7868408415,382.12047247480234
3800-790,1029326.860819,17544,265462.1933231776,-763864.6674958225,25.789883022382064
3800-792,1646012.7182655,17544,643152.2960955232,-1002860.4221699768,39.07334912777895
3800-793,221159.9354755,17544,784247.6549735776,563087.7194980776,354.60656709246337
3800-796,387048.410425,17544,1827978.5231477665,1440930.1127227666,472.28679253340624
3800-799,320234.242401,17544,2814967.4174785633,2494733.175077563,879.0338585820681
3800-801,170150.077778,17544,1045521.4667612736,875371.3889832735,614.4701668167306
3800-803,157037.960487,17544,712414.1733576544,555376.2128706544,453.65730116994854
3800-808,282984.363183,17544,636454.219199952,353469.85601695196,224.90791082628493
3800-809,113482.864552,17544,141594.2025003872,28111.337948387212,124.77143845404612
3800-810,220105.36354,17544,405061.0213342336,184955.6577942336,184.03050921592893
3800-855,365586.675811,17544,81492.47519106879,-284094.2006199312,22.29087671488294
3800-861,695544.90776,17544,258348.61183525762,-437196.29592474236,37.14334027220017
3800-863,463965.5099675,17544,187621.1582029792,-276344.3517645208,40.438600320985444
3800-878,409116.7510285,17544,1220019.1088569153,810902.3578284152,298.20805571755386
3800-881,165199.4397035,17544,1361616.883030016,1196417.443326516,824.2260902784213
3800-885,458841.727764,17544,132972.1845697568,-325869.5431942432,28.97996771517466
3800-901,2796576.801954,17544,2837303.4680718463,40726.6661178465,101.4563042248434
3800-903,745856.261342,17544,1845259.4662937343,1099403.2049517343,247.4014849689143
3800-905,558228.751255,17544,3043250.8789683073,2485022.1277133073,545.1619738550772
3800-907,110852.162477,17544,322083.92085187836,211231.75837487835,290.55267272634893
3810-001,701152.792034,17544,121261.8602994336,-579890.9317345665,17.29464129318527
3810-005,501978.069663,17544,23645.663921603198,-478332.4057413968,4.710497400310251
3810-013,316245.846034,17544,823606.2977198784,507360.4516858784,260.43228964067765
3810-014,152961.20912,17544,699171.6014931968,546210.3923731968,457.0907915252473
3810-024,579390.307845,17544,177368.0763998048,-402022.23144519515,30.612882887101172
3810-027,456387.008956,17544,1564242.6383028287,1107855.6293468287,342.744777481963
3810-029,255904.2491005,17544,114986.4313416384,-140917.81775886158,44.933381038343114
3810-030,282149.8797485,17544,5956.3595287135995,-276193.5202197864,2.1110622248086446
3810-034,164816.938478,17544,162515.87069908477,-2301.067778915225,98.60386450557546
3810-040,254013.9947965,17544,197621.8418010592,-56392.15299544079,77.79958815236986
3810-042,1127849.1315645,17544,949511.332546992,-178337.79901750805,84.18779657434092
3810-045,137567.4457185,17544,187804.504068944,50237.058350443986,136.51812977122694
3810-047,258571.254371,17544,440418.2000837312,181846.94571273122,170.32759544563135
3810-048,338149.856674,17544,551185.2953930368,213035.4387190368,163.00030430721662
3810-049,544733.360836,17544,1349739.880699725,805006.5198637249,247.7799190833998
3810-053,361042.1253955,17544,345185.4999634432,-15856.625432056782,95.60809547786513
3810-054,306011.166782,17544,204750.90053740478,-101260.2662445952,66.90961728310646
3810-056,673608.5552785,17544,532174.4720961152,-141434.08318238473,79.00352035702552
3810-058,404794.8341265,17544,171848.6514997216,-232946.1826267784,42.45327188291593
3810-059,112691.745434,17544,394615.0692045248,281923.3237705248,350.17211569913826
3810-060,340339.194503,17544,257817.6231585024,-82521.57134449761,75.75313902208516
3810-062,333813.5796645,17544,1779182.3305345632,1445368.7508700632,532.9868042884096
3810-063,415380.9835495,17544,920685.5526330976,505304.5690835976,221.64845987066752
3810-064,1908427.444859,17544,1298142.3061214879,-610285.138737512,68.02156978084112
3810-067,122152.66334,17544,249140.8395795968,126988.1762395968,203.95858163660142
3810-070,400230.558066,17544,1562457.9925036,1162227.4344376,390.38947951743927
3810-071,510987.3725715,17544,2917038.680287824,2406051.307716324,570.8631635275208
3810-074,1409626.2125385,17544,387356.23969291843,-1022269.9728455816,27.479358446048963
3810-078,383916.70291,17544,664268.0251783264,280351.3222683264,173.02399717004445
3810-079,514727.921739,17544,926034.7278004992,411306.80606149917,179.90761501181163
3810-081,1373422.7848855,17544,263378.7175735776,-1110044.0673119226,19.176812884718164
3810-082,929863.6797655,17544,500180.61848525767,-429683.06128024234,53.79074689866336
3810-083,378732.1155445,17544,245445.348878592,-133286.766665908,64.80711268061259
3810-087,1989984.584824,17544,873718.0564492577,-1116266.5283747423,43.905770080451745
3810-088,514150.733492,17544,122121.44286584001,-392029.29062616,23.752070144180813
3810-089,2405156.991966,17544,2516697.029165827,111540.03719982738,104.63753665862174
3810-090,471699.945179,17544,567792.3829537056,96092.43777470564,120.37151768975522
3810-092,146632.9664465,17544,154920.1133948288,8287.146948328795,105.65162606278746
3810-096,4467577.50832,17544,52307.146890672004,-4415270.361429328,1.1708167747120235
3810-100,546670.232652,17544,167498.3541345568,-379171.8785174432,30.639742962039623
3810-101,901676.62453,17544,421404.99567166716,-480271.6288583329,46.73571258335825
3810-102,312068.7762175,17544,46230.541047267194,-265838.2351702328,14.81421550967543
3810-104,1631952.7141585,17544,740507.7603652608,-891444.9537932393,45.375564741598296
3810-105,226636.47614,17544,90356.1763086528,-136280.29983134722,39.868329162
3810-106,6315372.590001,17544,1354352.1007305535,-4961020.489270447,21.44532379411583
3810-108,539326.7794795,17544,284164.6622091584,-255162.1172703416,52.688772933434436
3810-109,521914.134333,17544,453008.3463991712,-68905.78793382877,86.7974857546463
3810-110,452874.719137,17544,312478.50236743677,-140396.2167695632,68.99888405404859
3810-111,402347.5612845,17544,338831.4942059488,-63516.06707855122,84.21363189681695
3810-112,180344.047492,17544,198143.30601724482,17799.258525244804,109.86961242845254
3810-113,217812.701845,17544,260378.51249415358,42565.81064915357,119.54239137047402
3810-114,312478.1219875,17544,336765.8768199168,24287.75483241683,107.77262570510085
3810-117,194665.2886285,17544,10105.4526643456,-184559.83596415442,5.191193938859271
3810-119,234184.0721465,17544,271980.4960254976,37796.42387899762,116.13962193609524
3810-120,576700.449511,17544,1013041.8656613664,436341.4161503664,175.6617090415574
3810-121,279171.177732,17544,389584.96346620476,110413.78573420475,139.5505677309569
3810-122,211990.823583,17544,183230.3818803936,-28760.44170260639,86.43316667367637
3810-123,509026.440303,17544,386950.2595611392,-122076.18074186076,76.01771321167631
3810-124,813021.9196135,17544,2895322.910189136,2082300.9905756358,356.1186777799957
3810-125,773631.4695415,17544,291550.8813808832,-482080.58816061675,37.686016257026566
3810-127,223221.505344,17544,418558.372518928,195336.86717492802,187.5080861379822
3810-130,117545.8201405,17544,220348.395277696,102802.57513719599,187.45744852034576
3810-131,307572.0392505,17544,321500.5476419904,13928.508391490439,104.52853530686073
3810-132,630927.6590865,17544,4871117.489704381,4240189.83061788,772.0564187591833
3810-135,232720.5101185,17544,962539.6040486335,729819.0939301335,413.60325463299887
3810-136,150641.226669,17544,176033.46136248962,25392.23469348962,116.85609925978851
3810-138,694973.2334845,17544,1399250.407855648,704277.1743711481,201.33874808962057
3810-139,260396.735338,17544,1191906.4729281696,931509.7375901697,457.72711834541707
3810-140,10184580.258434,17544,440940.85485748795,-9743639.403576512,4.329494624899621
3810-141,163632.738334,17544,541897.7557801056,378265.0174461056,331.16707652597466
3810-143,543652.546814,17544,252881.5714683072,-290770.97534569283,46.515292340721004
3810-145,545261.6643485,17544,974354.6973852224,429093.03303672245,178.69488377647448
3810-148,211569.604018,17544,278463.0820006816,66893.4779826816,131.61771668154677
3810-149,150174.5467785,17544,577254.9345296032,427080.38775110326,384.3893302245324
3810-151,260558.465701,17544,366545.2933483424,105986.8276473424,140.6767929655243
3810-153,140341.794302,17544,133952.0134508544,-6389.780851145595,95.44698649256578
3810-155,113388.173158,17544,157292.89463423038,43904.72147623038,138.72072391099522
3810-157,721773.3884495,17544,444535.1481649408,-277238.24028455914,61.58929593121781
3810-158,419695.717,17544,818777.3962110912,399081.6792110912,195.0883373468143
3810-159,133988.659009,17544,236681.6545969888,102692.99558798881,176.64305049958813
3810-160,363586.4841435,17544,227497.693492752,-136088.79065074798,62.570448411653125
3810-164,283014.996907,17544,1697414.8365445472,1414399.8396375473,599.7614455400486
3810-165,120882.7321105,17544,240502.1538429696,119619.4217324696,198.95492899939126
3810-166,763179.851791,17544,27334.0112771808,-735845.8405138192,3.5815949822357647
3810-167,659612.799582,17544,1348805.2930063328,689192.4934243328,204.4844026466857
3810-168,9443729.025607,17544,2407562.188286637,-7036166.837320362,25.493766093440932
3810-171,874946.179131,17544,367592.9840109984,-507353.19512000156,42.013210958426406
3810-172,325231.046087,17544,1121739.7719119263,796508.7258249263,344.9055019218118
3810-173,304549.6619925,17544,511411.14805438725,206861.48606188723,167.923728664976
3810-174,778817.96186,17544,820527.5158407552,41709.553980755154,105.35549461149341
3810-175,663743.7368785,17544,1513860.6230047874,850116.8861262874,228.07908216569786
3810-176,506668.8855875,17544,1220006.0127236322,713337.1271361322,240.78960588017816
3810-177,167628.2741795,17544,416023.6754498432,248395.40127034322,248.18228159072734
3810-181,135549.011226,17544,128109.947448976,-7439.063777023999,94.51190111256444
3810-182,374812.783746,17544,485928.45380042243,111115.67005442246,129.64564573915985
3810-183,343704.675029,17544,86271.37328186561,-257433.30174713436,25.10043637741805
3810-185,494714.6168335,17544,820896.5886878272,326181.97185432725,165.9333605184555
3810-186,135655.1316075,17544,11798.425530592001,-123856.70607690798,8.697367648965297
3810-188,387012.428755,17544,414772.399442512,27759.970687512017,107.17288867874721
3810-190,982819.9909915,17544,4287096.616497648,3304276.6255061477,436.20364418642816
3810-195,2404863.500248,17544,635774.4108267968,-1769089.0894212034,26.43702691488448
3810-196,885906.248655,17544,67985.59954580478,-817920.6491091952,7.674130264801929
3810-197,574885.9052025,17544,1348399.3128745535,773513.4076720534,234.5507692347385
3810-198,371927.717877,17544,96925.6729865344,-275002.04489046556,26.060352140409343
3810-199,1121239.147726,17544,1339040.3398073504,217801.19208135037,119.4250434907732
3810-202,207909.3798705,17544,642046.2681118784,434136.8882413784,308.81063110850897
3810-205,319220.798389,17544,178272.90015391682,-140947.89823508318,55.84626723997941
3810-208,700733.372332,17544,259162.9532139584,-441570.41911804164,36.9845312706428
3810-209,569916.129684,17544,1251687.9402508351,681771.8105668351,219.62669155281768
3810-210,346696.7722235,17544,1130498.7039632448,783801.9317397447,326.07707787785876
3810-211,204609.037946,17544,1120442.0641593183,915833.0262133183,547.6014527056342
3810-217,212030.2036705,17544,247687.1687851616,35656.96511466161,116.81692725724746
3810-223,239895.590387,17544,818691.6760659649,578796.0856789649,341.2699978124858
3810-224,695922.1270005,17544,1661054.0177625278,965131.8907620278,238.6838919638683
3810-229,332811.474684,17544,577814.4965880672,245003.02190406714,173.61615825797298
3810-230,190001.8188675,17544,1436576.7688279103,1246574.9499604104,756.085798225818
3810-231,289141.229997,17544,517827.062805584,228685.83280858397,179.09139516732247
3810-232,1625404.374131,17544,4020086.6983319107,2394682.3242009105,247.32840407675133
3810-233,451939.6097365,17544,126462.2157704352,-325477.3939660648,27.982104919763074
3810-237,430577.9974235,17544,1281218.53024688,850640.5328233799,297.5578264364313
3810-239,388694.3504195,17544,1082787.1092974048,694092.7588779047,278.57032347622294
3810-248,695787.6706945,17544,965179.070183984,269391.399489484,138.71747241807134
3810-251,213400.012174,17544,610307.1938212576,396907.18164725753,285.9921082495681
3810-252,208866.685809,17544,583057.7121316319,374191.0263226319,279.15304438009525
3810-256,221298.578144,17544,706238.75123584,484940.17309184,319.13388561235456
3810-260,159410.952071,17544,693610.5070781215,534199.5550071215,435.1084402087973
3810-263,844782.8431975,17544,2207583.0424946016,1362800.1992971017,261.31958766337016
3810-267,444702.0873845,17544,1152166.8517590847,707464.7643745847,259.0873495862172
3810-269,695125.103396,17544,271619.757081424,-423505.346314576,39.0749457550071
3810-276,157304.812977,17544,603086.4621519296,445781.6491749296,383.38716453647777
3810-278,460407.82773900003,17544,448822.345978832,-11585.48176016804,97.48364796118634
3810-288,301332.963547,17544,900673.4704187968,599340.5068717967,298.8964299879244
3810-291,271684.076786,17544,49433.1409137952,-222250.93587220478,18.19508213311032
3810-293,304772.236284,17544,53056.007602956786,-251716.2286810432,17.408412344199522
3810-295,173972.919182,17544,663364.3919817855,489391.47279978555,381.30324828763355
3810-297,396733.5413415,17544,1499794.1853010592,1103060.643959559,378.0356408055924
3810-300,143517.634631,17544,754995.6554491936,611478.0208181936,526.0647288330612
3810-304,192449.4199055,17544,375213.7430242496,182764.32311874963,194.96745857092938
3810-305,166810.393576,17544,204474.6911808864,37664.29760488641,122.57910721116205
3810-308,830191.678067,17544,1862502.311597424,1032310.6335304241,224.34605896484453
3810-311,113015.611424,17544,416801.1095438368,303785.4981198368,368.7995882092134
3810-315,485478.634801,17544,1464020.3114016417,978541.6766006417,301.5622535071498
3810-319,636765.458209,17544,2090809.5842385918,1454044.126029592,328.34846131875827
3810-321,202388.697317,17544,604842.5345694496,402453.8372524496,298.85193322929933
3810-324,341741.766489,17544,283700.34475639043,-58041.42173260957,83.01599996719224
3810-333,939960.0031335,17544,3467376.2986901663,2527416.2955566663,368.88551503586734
3810-341,207638.195257,17544,303210.0116756448,95571.81641864477,146.02805196816158
3810-345,172343.4390795,17544,985762.6200324608,813419.1809529607,571.9757162196004
3810-361,216859.543136,17544,1436837.5009360032,1219977.9578000032,662.5659540539166
3810-362,194279.9450075,17544,1244476.7330420767,1050196.7880345767,640.5585162143394
3810-363,170816.862576,17544,756360.0344257888,585543.1718497887,442.7900284664626
3810-366,427100.1029825,17544,197303.9629295488,-229796.14005295117,46.19618715887623
3810-367,284257.154132,17544,408061.2264136576,123804.0722816576,143.55354666787628
3810-368,497412.558206,17544,499541.2890695232,2128.730863523204,100.42796082012903
3810-369,217712.910805,17544,197703.990273472,-20008.920531527983,90.80949289707056
3810-370,233906.0670075,17544,150693.63401706878,-83212.43299043123,64.4248505158427
3810-372,207198.060453,17544,1131039.2171005695,923841.1566475695,545.8734578054267
3810-373,136216.8464365,17544,52290.4790846752,-83926.3673518248,38.387674103915906
3810-374,511239.569149,17544,856115.6627590656,344876.09361006564,167.4588029608389
3810-375,155627.7979045,17544,505667.8983309184,350040.10042641836,324.9213219872315
3810-376,207071.6937125,17544,312166.57628378243,105094.88257128242,150.75289658720666
3810-378,404291.700566,17544,632526.5697725632,228234.86920656316,156.453018671182
3810-382,169290.3129055,17544,1305357.08500296,1136066.77209746,771.0760660780554
3810-384,1275091.9095915,17544,3328375.130579853,2053283.220988353,261.0302132374255
3810-386,3184584.2728335,17544,2998750.2180719934,-185834.05476150662,94.16457412206712
3810-389,321931.519208,17544,651002.832720016,329071.31351201603,202.2177990901857
3810-390,289941.599353,17544,842923.0943125983,552981.4949595984,290.7216819502851
3810-391,420717.1655915,17544,3326595.2470109086,2905878.0814194083,790.6963440234106
3810-395,515604.578602,17544,308854.445120704,-206750.133481296,59.90141630590748
3810-397,257799.1992685,17544,525029.936111344,267230.73684284405,203.65848210588155
3810-399,475911.531714,17544,413721.1371071424,-62190.39460685756,86.9323623273262
3810-401,315075.157668,17544,1026604.6975124768,711529.5398444769,325.8285118734202
3810-406,282494.0695,17544,814880.7012805536,532386.6317805536,288.45940119127124
3810-409,238850.731224,17544,720549.253241664,481698.52201766404,301.673455027406
3810-412,201717.125964,17544,595813.3459494688,394096.2199854688,295.37072923386893
3810-416,2496869.306297,17544,1302172.3435,-1194696.962797,52.152202769122745
3810-426,230679.9250555,17544,685798.0682959072,455118.1432404072,297.2942132397992
3810-427,281151.142485,17544,127645.62999620801,-153505.512488792,45.40107106376712
3810-429,219516.9666395,17544,482043.6644455968,262526.6978060968,219.59289608681098
3810-430,310488.00896,17544,493695.6513949312,183207.6424349312,159.00635037359325
3810-433,452550.168779,17544,712678.4771384608,260128.30835946085,157.48054609311015
3810-437,253915.332248,17544,777516.2424660128,523600.91021801287,306.2108284609651
3810-439,127104.5638155,17544,296219.0576175584,169114.4938020584,233.05147252425832
3810-441,181355.0098885,17544,499657.9637115008,318302.9538230008,275.51373630025364
3810-446,390102.540474,17544,1263269.6843034688,873167.1438294689,323.8301608516863
3810-450,129312.910453,17544,303548.13002586557,174235.21957286558,234.7392297973163
3810-454,1089495.4475165,17544,295433.2896205664,-794062.1578959336,27.116523551705086
3810-466,266561.487006,17544,1287804.6947307584,1021243.2077247584,483.11731345562737
3810-467,170177.812279,17544,737511.1269585504,567333.3146795505,433.37678225022023
3810-468,379723.5642345,17544,839896.696966608,460173.13273210806,221.1863513553049
3810-473,325044.589282,17544,740756.5868976415,415711.99761564157,227.89383712982865
3810-476,578053.901039,17544,101505.7479629408,-476548.1530760592,17.559910551679234
3810-477,249030.709852,17544,738820.7402868704,489790.0304348704,296.6785665615115
3810-478,128597.382906,17544,878962.4625503935,750365.0796443935,683.4994948481052
3810-479,209610.6896045,17544,537328.39582184,327717.7062173401,256.3458938261632
3810-488,502433.790636,17544,255250.7810349952,-247183.0096010048,50.80286911274199
3810-498,13796525.6922005,17544,4227686.603137197,-9568839.089063304,30.643124924757014
3810-499,540523.093391,17544,1265887.7204025376,725364.6270115377,234.19678749726023
3810-511,695967.5725925,17544,1256783.526655571,560815.954063071,180.58075924055123
3810-516,297662.9550545,17544,286981.5214226176,-10681.43363188242,96.41156769745609
3810-533,132640.2702765,17544,98980.5753544256,-33659.6949220744,74.62332152075092
3810-534,270132.570181,17544,579139.5871648128,309007.01698381285,214.39087732988486
3810-536,5581271.117336,17544,883163.9402191583,-4698107.177116842,15.82370613525583
3810-550,773340.4020525,17544,1117153.744147664,343813.3420951639,144.4582154485475
3810-551,992348.0736605,17544,483009.20663584,-509338.86702466,48.67336567240479
3810-553,588250.511391,17544,1380728.9037204897,792478.3923294897,234.7178416310365
3810-563,157152.339536,17544,1339012.9569832128,1181860.6174472128,852.0477397515774
3810-564,157672.227263,17544,871820.3076807648,714148.0804177648,552.9320685161334
3810-581,210068.802894,17544,906885.7998253184,696816.9969313184,431.70893884844475
3810-595,170589.819862,17544,593758.4435815776,423168.6237195776,348.06206141837964
3810-601,455951.852194,17544,2521008.0381311425,2065056.1859371425,552.9110203194207
3810-700,701171.8673735,17544,305493.5010972064,-395678.36627629364,43.56899004541439
3810-702,1554063.683779,17544,556622.5718207072,-997441.1119582929,35.81723050545612
3810-703,177571.180908,17544,290266.2697615584,112695.08885355838,163.46474032402023
3810-732,343437.407568,17544,62951.922134771194,-280485.48543322884,18.329954963425706
3810-739,262457.996225,17544,1513495.1218304287,1251037.1256054286,576.6618444091677
3810-742,625001.425886,17544,3078755.6868566335,2453754.2609706335,492.59978607123963
3810-749,265053.9392235,17544,119974.8675649664,-145079.07165853365,45.2643216382461
3810-750,161027.348011,17544,717077.5873640447,556050.2393530448,445.31416322838544
3810-783,9150758.2275535,17544,6921332.6324377665,-2229425.5951157333,75.63671184751888
3810-791,246049.055016,17544,360165.0953242816,114116.0403082816,146.37938572893967
3810-793,265820.2401895,17544,236239.9577380736,-29580.282451426378,88.87207293532691
3810-799,350047.6945325,17544,1109063.90545136,759016.2109188599,316.8322268005652
3810-804,91355.6228895,17544,152785.44366966718,61429.82078016718,167.24251757822304
3810-805,347208.086047,17544,535292.542375088,188084.45632808795,154.1705288230608
3810-815,139431.51833299999,17544,297473.9052976032,158042.38696460324,213.34767694859025
3810-821,309762.4613845,17544,1016714.7357685184,706952.2743840184,328.22399822891936
3810-840,183339.701797,17544,478316.0286901696,294976.32689316967,260.8905894369663
3810-843,843123.716276,17544,1368804.2790873505,525680.5628113504,162.34916094321642
3810-845,82665.572348,17544,312370.1616284576,229704.58928045759,377.87213316985526
3810-855,487928.3782005,17544,690836.5079372256,202908.12973672565,141.5856381391587
3810-858,106796.797134,17544,670717.2755415168,563920.4784075168,628.0312645518338
3810-861,543323.8526515,17544,2077294.3746903297,1533970.5220388295,382.3307893722738
3810-866,138709.858697,17544,291012.74935870076,152302.89066170077,209.79961488850884
3810-867,3307990.252532,17544,2784961.79501161,-523028.4575203904,84.18893595227331
3810-868,545073.3788715,17544,2146419.337831773,1601345.9589602728,393.7853912945888
3810-870,489196.0093775,17544,1687582.0215640063,1198386.0121865063,344.9705208575695
3810-877,210574.660274,17544,195058.57135026559,-15516.088923734409,92.63154982487217
3810-882,321291.047141,17544,316452.5835401024,-4838.463600897579,98.49405588983804
3810-887,861964.0521945,17544,67190.30708824321,-794773.7451062568,7.795024272437047
3810-905,244501.5931475,17544,1867113.3410706816,1622611.7479231816,763.6405624336
3810-906,241909.5920735,17544,417570.209734832,175660.61766133198,172.61415975930404
3810-920,108944.566671,17544,132423.3375294336,23478.770858433607,121.55111684397882
3810-925,312578.398846,17544,462167.30579441285,149588.90694841283,147.85644417550162
3810-928,1369904.6886265,17544,654326.8694588065,-715577.8191676936,47.764408348353825
