ptd_id;total_paineis_reais;potencia_real_kwp;producao_real_mwh_ano;consumo_anual_kwh;n_cp7_com_consumo;producao_anual_kwh;autoconsumo_kwh;excedente_kwh;racio_autossuficiencia;poupanca_ano1_eur;custo_instalacao_eur;val_eur;tir_pct;payback_anos
0;502;225.9;336.17534400000005;0.0;;336175.34400000004;0.0;336175.34400000004;;16808.767200000002;602400;-415651.3719006103;-3.084936894976126;
1;755;339.75;505.6023600000001;850352.8119952531;2.0;505602.3600000001;505602.3600000001;0.0;0.5945795120188566;126400.59000000003;906000;498334.8029386381;12.775490981093062;8.0
2;1197;538.65;801.597384;0.0;;801597.3840000001;0.0;801597.3840000001;;40079.86920000001;1436400;-991104.9644721723;-3.084936894976126;
4;1676;754.2;1122.370272;813496.4010444324;2.0;1122370.272;813496.4010444324;308873.8709555677;1.3796868315078106;218817.7938088865;2011200;419907.66609610023;9.28893477574585;10.0
5;607;273.15000000000003;406.4909040000001;474150.3232817032;1.0;406490.9040000001;406490.9040000001;0.0;0.8573038634384624;101622.72600000002;728400;400647.9806407329;12.775490981093062;8.0
6;179;80.55;119.871288;125207.71995740084;1.0;119871.288;119871.288;0.0;0.9573793695850668;29967.822;214800;118148.25129273666;12.775490981093062;8.0
7;108;48.6;72.32457600000001;912943.3119773187;2.0;72324.576;72324.576;0.0;0.07922132190590694;18081.144;129600;71284.97843360646;12.775490981093062;8.0
8;1912;860.4;1280.4128640000001;791333.2613947059;3.0;1280412.864;791333.2613947059;489079.6026052942;1.618045046840699;222287.29547894117;2294400;175254.49522175186;7.855847441786567;11.0
10;2264;1018.8000000000001;1516.1374080000003;510288.34743802325;1.0;1516137.4080000003;510288.34743802325;1005849.0605619771;2.9711386035209078;177864.53988760465;2716800;-740690.8412307983;3.6929885478686475;16.0
11;2015;906.75;1349.3890800000001;356429.38737024623;2.0;1349389.08;356429.38737024623;992959.6926297538;3.7858524796618482;138755.33147404925;2418000;-876401.6492146573;2.478229593274317;19.0
12;1775;798.75;1188.6678;751014.3720989055;2.0;1188667.8;751014.3720989055;437653.42790109455;1.5827497371028438;209636.2644197811;2130000;199099.113245796;8.044185610924382;11.0
14;1267;570.15;848.4744240000001;680798.9349003147;2.0;848474.4240000001;680798.9349003147;167675.48909968545;1.2462922318235372;178583.50818006293;1520400;463697.0344215898;10.297629325001523;9.0
17;2648;1191.6000000000001;1773.2914560000002;3583966.430344234;2.0;1773291.4560000002;1773291.4560000002;0.0;0.49478461655950234;443322.86400000006;3177600;1747802.063816574;12.775490981093062;8.0
18;240;108.0;160.72128000000004;0.0;;160721.28000000003;0.0;160721.28000000003;;8036.064000000002;288000;-198717.78736284163;-3.084936894976126;
20;395;177.75;264.52044;1368771.5604666143;2.0;264520.44;264520.44;0.0;0.19325389834211998;66130.11;474000;260718.20815994957;12.775490981093062;8.0
22;1416;637.2;948.2555520000002;544327.7244544391;1.0;948255.5520000001;544327.7244544391;403927.827545561;1.742067341784591;156278.32249088783;1699200;37082.14250283035;7.2469938422368045;12.0
24;747;336.15000000000003;500.2449840000001;206914.61577385772;1.0;500244.9840000001;206914.61577385772;293330.36822614237;2.41763967291093;66395.17235477155;896400;-158736.89823034062;4.906665584454483;15.0
25;361;162.45000000000002;241.75159200000007;133113.9020260055;1.0;241751.59200000006;133113.9020260055;108637.68997399457;1.8161258014416166;38710.3600052011;433200;-3120.47434598354;6.9180121027644255;12.0
26;848;381.6;567.8818560000001;440799.48251444596;2.0;567881.856;440799.48251444596;127082.37348555407;1.2882997338396134;116553.9893028892;1017600;277337.18027253664;9.96012535679699;9.0
27;1605;722.25;1074.82356;1255402.474661156;4.0;1074823.56;1074823.56;0.0;0.8561585481103215;268705.89;1926000;1059373.985054985;12.775490981093062;8.0
29;525;236.25;351.5778;151233.1178658892;1.0;351577.80000000005;151233.1178658892;200344.68213411086;2.3247408038745383;47825.51357317784;630000;-98649.36960161464;5.158304913780276;14.0
30;656;295.2;439.30483200000003;692685.8202971615;1.0;439304.83200000005;439304.83200000005;0.0;0.634205030805364;109826.20800000001;787200;432990.23937449884;12.775490981093062;8.0
31;198;89.10000000000001;132.595056;166582.1987831464;1.0;132595.056;132595.056;0.0;0.7959737413035939;33148.764;237600;130689.12712827852;12.775490981093062;8.0
32;1008;453.6;675.0293760000002;429988.97143523255;1.0;675029.3760000002;429988.97143523255;245040.4045647676;1.569876022045084;119749.26308704652;1209600;120837.28497940222;8.114711321403167;11.0
33;434;195.3;290.63764800000007;2716078.434986108;3.0;290637.64800000004;290637.64800000004;0.0;0.10700635307738694;72659.41200000001;520800;286460.005927641;12.775490981093062;8.0
34;350;157.5;234.3852;0.0;;234385.2;0.0;234385.2;;11719.260000000002;420000;-289796.7732374773;-3.084936894976126;
35;1226;551.7;821.0178720000001;578866.0130733037;2.0;821017.8720000001;578866.0130733037;242151.85892669635;1.418321085463402;156824.09621466076;1471200;271145.79327236983;9.028171612174718;10.0
36;493;221.85;330.148296;167020.60364304378;1.0;330148.29600000003;167020.60364304378;163127.69235695625;1.9766920295988903;49911.53552860876;591600;-37073.26550506133;6.27855498105917;13.0
37;1598;719.1;1070.135856;1536137.3616463202;4.0;1070135.8560000001;1070135.8560000001;0.0;0.6966407319545346;267533.96400000004;1917600;1054753.6623787328;12.775490981093062;8.0
38;864;388.8;578.5966080000001;481461.3068637004;2.0;578596.608;481461.3068637004;97135.30113629962;1.2017510021086661;125222.09177274008;1036800;354441.4615567455;10.678225122388818;9.0
39;462;207.9;309.38846400000006;809689.8950362244;1.0;309388.46400000004;309388.46400000004;0.0;0.38210735479928204;77347.11600000001;554400;304941.29663265;12.775490981093062;8.0
42;3216;1447.2;2153.665152;1139675.5597156293;4.0;2153665.1520000002;1139675.5597156293;1013989.5922843709;1.8897177654115709;335618.36954312585;3859200;-130415.53107519043;6.613296029153803;12.0
43;469;211.05;314.076168;249117.82139641588;1.0;314076.168;249117.82139641588;64958.34660358413;1.2607535110875;65527.37267928317;562800;165221.6809007602;10.179197466473589;9.0
48;49;22.05;32.813928000000004;0.0;;32813.92800000001;0.0;32813.92800000001;;1640.6964000000005;58800;-40571.548253246816;-3.084936894976126;
50;3277;1474.65;2194.5151440000004;1001163.6600779002;2.0;2194515.1440000003;1001163.6600779002;1193351.4839221002;2.1919644424861024;309958.48921558005;3932400;-488701.72397360316;5.549513194290812;14.0
51;1658;746.1;1110.316176;1012237.5947613611;3.0;1110316.176;1012237.5947613611;98078.58123863884;1.0968928458557807;257963.32775227222;1989600;876422.0576848767;11.681942543578606;8.0
52;1822;819.9;1220.142384;789642.6869570999;3.0;1220142.384;789642.6869570999;430499.69704290014;1.5451829088696272;218935.65659142;2186400;246017.1442202374;8.252845855141333;11.0
53;120;54.0;80.36064000000002;0.0;;80360.64000000001;0.0;80360.64000000001;;4018.032000000001;144000;-99358.89368142081;-3.084936894976126;
55;59;26.55;39.51064800000001;0.0;;39510.64800000001;0.0;39510.64800000001;;1975.5324000000005;70800;-48851.45606003188;-3.084936894976126;
56;1023;460.35;685.0744560000002;733596.8547402257;2.0;685074.4560000001;685074.4560000001;0.0;0.9338568609902126;171268.61400000003;1227600;675227.1568294391;12.775490981093062;8.0
57;1365;614.25;914.1022800000002;207624.9621141792;1.0;914102.2800000001;207624.9621141792;706477.317885821;4.402660791322904;87230.10642283584;1638000;-668856.783867626;1.8228699751318467;20.0
58;617;277.65000000000003;413.1876240000001;0.0;;413187.62400000007;0.0;413187.62400000007;;20659.381200000003;740400;-510870.3116786388;-3.084936894976126;
60;491;220.95000000000002;328.80895200000003;504282.91731213406;1.0;328808.95200000005;328808.95200000005;0.0;0.6520326997245446;82202.23800000001;589200;324082.6334342666;12.775490981093062;8.0
61;1160;522.0;776.81952;0.0;;776819.52;0.0;776819.52;;38840.976;1392000;-960469.3055870676;-3.084936894976126;
64;406;182.70000000000002;271.886832;463330.8102274624;1.0;271886.83200000005;271886.83200000005;0.0;0.5868093077309557;67971.70800000001;487200;267978.71522263193;12.775490981093062;8.0
65;1590;715.5;1064.7784800000002;535165.4583848496;1.0;1064778.4800000002;535165.4583848496;529613.0216151506;1.9896248222251556;160272.01567696992;1908000;-127347.16007025089;6.230939811966174;13.0
68;309;139.05;206.92864800000004;0.0;;206928.64800000004;0.0;206928.64800000004;;10346.432400000003;370800;-255849.1512296585;-3.084936894976126;
69;1406;632.7;941.558832;164973.4486779138;1.0;941558.832;164973.4486779138;776585.3833220862;5.70733557154554;80072.63133558276;1687200;-797577.7051401908;0.8541480897891307;23.0
70;1541;693.45;1031.9645520000001;0.0;;1031964.5520000001;0.0;1031964.5520000001;;51598.22760000001;1849200;-1275933.7930255786;-3.084936894976126;
72;163;73.35000000000001;109.15653600000002;0.0;;109156.53600000002;0.0;109156.53600000002;;5457.826800000002;195600;-134962.49725059653;-3.084936894976126;
76;376;169.20000000000002;251.79667200000003;1371543.9575463952;1.0;251796.67200000002;251796.67200000002;0.0;0.18358629383665415;62949.168000000005;451200;248177.33232440776;12.775490981093062;8.0
78;860;387.0;575.9179200000001;551277.722691409;3.0;575917.92;551277.722691409;24640.197308590985;1.0446965228130285;139051.4405382818;1032000;512888.17929300567;12.248347653036761;8.0
79;410;184.5;274.56552;0.0;;274565.52;0.0;274565.52;;13728.276000000002;492000;-339476.22007818776;-3.084936894976126;
82;1337;601.65;895.3514640000002;230364.35744256497;1.0;895351.4640000002;230364.35744256497;664987.1065574351;3.886675325731462;90840.444688513;1604400;-595145.2331472419;2.3588413756373217;19.0
85;306;137.70000000000002;204.91963200000004;645629.5786925992;2.0;204919.63200000004;204919.63200000004;0.0;0.3173950493640062;51229.90800000001;367200;201974.10556188505;12.775490981093062;8.0
86;798;359.1;534.3982560000001;411128.3467259371;2.0;534398.256;411128.3467259371;123269.90927406296;1.299833154915577;108945.58214518742;957600;252806.31719279915;9.870841363477833;10.0
87;829;373.05;555.158088;356648.65324453486;1.0;555158.088;356648.65324453486;198509.43475546513;1.5565966195289622;99087.63504890697;994800;106082.6338552883;8.188522522902375;11.0
90;1260;567.0;843.7867200000002;228815.4589598085;1.0;843786.7200000002;228815.4589598085;614971.2610401917;3.6876298648519708;87952.4277919617;1512000;-534831.6548902238;2.599944407789001;19.0
91;26;11.700000000000001;17.411472000000007;0.0;;17411.472000000005;0.0;17411.472000000005;;870.5736000000003;31200;-21527.76029764117;-3.084936894976126;
93;1615;726.75;1081.52028;625403.7936269837;1.0;1081520.28;625403.7936269837;456116.4863730164;1.7293151896757806;179156.77272539673;1938000;52466.113492368386;7.3060957384691765;12.0
95;48;21.6;32.144256000000006;0.0;;32144.256000000005;0.0;32144.256000000005;;1607.2128000000002;57600;-39743.5574725683;-3.084936894976126;
100;389;175.05;260.502408;0.0;;260502.408;0.0;260502.408;;13025.1204;466800;-322088.41368393897;-3.084936894976126;
101;858;386.1;574.5785760000001;539783.6637146785;1.0;574578.5760000001;539783.6637146785;34794.912285321625;1.0644608472325197;136685.6615429357;1029600;489003.92081584403;12.028007177528977;8.0
102;1987;894.15;1330.6382640000002;271904.5778225855;1.0;1330638.2640000002;271904.5778225855;1058733.6861774148;4.8937692577880245;120912.82876451712;2384400;-1041035.2771314491;1.4052936080579115;21.0
104;1622;729.9;1086.207984;1946005.2807354582;4.0;1086207.984;1086207.984;0.0;0.5581731944681501;271551.996;1946400;1070594.7686973119;12.775490981093062;8.0
105;44;19.8;29.465567999999998;0.0;;29465.568;0.0;29465.568;;1473.2784000000001;52800;-36431.594349854284;-3.084936894976126;
106;1114;501.3;746.014608;0.0;;746014.608;0.0;746014.608;;37300.7304;1336800;-922381.7296758567;-3.084936894976126;
107;3039;1367.55;2035.133208;673709.6079655745;2.0;2035133.2079999999;673709.6079655745;1361423.6000344255;3.0207869739984354;236498.5819931149;3646800;-1019255.3853857139;3.6029883350167657;17.0
109;1153;518.85;772.1318160000001;929472.7122048085;4.0;772131.8160000001;772131.8160000001;0.0;0.8307202630708985;193032.95400000003;1383600;761033.14938841;12.775490981093062;8.0
110;504;226.8;337.5146880000001;688756.3178926676;1.0;337514.6880000001;337514.6880000001;0.0;0.49003497932718304;84378.67200000002;604800;332663.2326901637;12.775490981093062;8.0
111;124;55.800000000000004;83.03932800000001;0.0;;83039.32800000001;0.0;83039.32800000001;;4151.9664;148800;-102670.85680413479;-3.084936894976126;
112;1154;519.3000000000001;772.8014880000002;954063.033160636;2.0;772801.4880000001;772801.4880000001;0.0;0.810010933386498;193200.37200000003;1384800;761693.1954850177;12.775490981093062;8.0
113;195;87.75;130.58604000000003;340713.17159645003;1.0;130586.04000000002;130586.04000000002;0.0;0.38327264950786727;32646.510000000006;234000;128708.9888384562;12.775490981093062;8.0
114;709;319.05;474.7974480000001;314644.1383004651;1.0;474797.4480000001;314644.1383004651;160153.30969953496;1.5089982307142131;86668.70006009303;850800;112105.88374499395;8.462363468654733;11.0
115;917;412.65000000000003;614.0892240000001;262098.9565584816;1.0;614089.224;262098.9565584816;351990.2674415185;2.342967068863472;83124.25251169632;1100400;-176873.60846626875;5.10758565071937;14.0
116;408;183.6;273.22617599999995;182720.1998673461;1.0;273226.176;182720.1998673461;90505.97613265389;1.4953255097047877;50205.34877346922;489600;68191.05600895913;8.543830762366056;11.0
117;680;306.0;455.37696000000005;1018252.0071612654;3.0;455376.9600000001;455376.9600000001;0.0;0.44721439957631226;113844.24000000002;816000;448831.345693078;12.775490981093062;8.0
118;648;291.6;433.94745600000005;321491.1204129138;1.0;433947.45600000006;321491.1204129138;112456.33558708627;1.3497960859467928;85995.59688258276;777600;177827.57831820552;9.499652112521362;10.0
119;726;326.7;486.181872;1656132.7374641723;1.0;486181.872;486181.872;0.0;0.2935645561505107;121545.468;871200;479193.4661370212;12.775490981093062;8.0
120;300;135.0;200.9016;0.0;;200901.6;0.0;200901.6;;10045.080000000002;360000;-248397.23420355184;-3.084936894976126;
121;1171;526.95;784.1859120000001;595396.742075554;1.0;784185.9120000001;595396.742075554;188789.16992444615;1.3170812948460666;158288.6440151108;1405200;353417.2002866825;9.739896089584555;10.0
122;1005;452.25;673.0203600000001;248690.0385662928;1.0;673020.3600000001;248690.0385662928;424330.3214337073;2.7062618345309977;83389.02571325857;1206000;-279531.92740418395;4.220585922575182;16.0
123;2262;1017.9;1514.7980640000003;1025059.2273506019;2.0;1514798.0640000002;1025059.2273506019;489738.8366493983;1.4777663803048646;280751.7486701204;2714400;404805.7856955536;8.650383313970355;10.0
124;231;103.95;154.69423200000003;171257.44830874147;1.0;154694.23200000002;154694.23200000002;0.0;0.9032846952216559;38673.558000000005;277200;152470.648316325;12.775490981093062;8.0
125;782;351.90000000000003;523.6835040000001;1240172.5605866485;2.0;523683.5040000001;523683.5040000001;0.0;0.42226664308092576;130920.87600000002;938400;516156.0475470396;12.775490981093062;8.0
126;32;14.4;21.429504;0.0;;21429.504;0.0;21429.504;;1071.4752;38400;-26495.704981712202;-3.084936894976126;
127;526;236.70000000000002;352.2474720000001;319068.9548848837;1.0;352247.47200000007;319068.9548848837;33178.51711511635;1.103985413206643;81426.16457697675;631200;273460.3088265468;11.608695174203765;8.0
129;1105;497.25;739.98756;169058.72561014365;1.0;739987.56;169058.72561014365;570928.8343898564;4.377103620823699;70811.12312202874;1326000;-539274.8380728457;1.8468229160635175;20.0
131;72;32.4;48.216384;0.0;;48216.384;0.0;48216.384;;2410.8192;86400;-59615.33620885246;-3.084936894976126;
132;688;309.6;460.73433600000004;330577.19094994524;2.0;460734.33600000007;330577.19094994524;130157.14505005482;1.3937269376511907;89152.15498998905;825600;164897.54442935088;9.192703624887121;10.0
134;1809;814.0500000000001;1211.436648;723911.4935817511;2.0;1211436.648;723911.4935817511;487525.1544182489;1.6734596131442592;205354.13111635024;2170800;110723.79078226574;7.5741328554919445;11.0
135;726;326.7;486.181872;1449648.950638673;3.0;486181.872;486181.872;0.0;0.3353790390327275;121545.468;871200;479193.4661370212;12.775490981093062;8.0
136;947;426.15000000000003;634.179384;388162.6208019631;1.0;634179.3840000001;388162.6208019631;246016.763198037;1.633798181519267;109341.49336039262;1136400;78404.9667432987;7.774074984051127;11.0
137;200;90.0;133.93439999999998;1256293.529802175;1.0;133934.4;133934.4;0.0;0.10661075363580856;33483.6;240000;132009.21932149344;12.775490981093062;8.0
138;822;369.90000000000003;550.4703840000001;378085.46582534886;2.0;550470.3840000001;378085.46582534886;172384.91817465122;1.455941668633943;103140.61236506977;986400;159511.98934016607;8.78594627420507;10.0
140;743;334.35;497.5662960000001;450318.1440046306;2.0;497566.2960000001;450318.1440046306;47248.151995369466;1.1049217150683666;114941.94360092613;891600;385427.0432771763;11.599088621873499;8.0
141;1623;730.35;1086.8776560000001;3662880.7439382896;3.0;1086877.6560000002;1086877.6560000002;0.0;0.2967275573464074;271719.41400000005;1947600;1071254.8147939201;12.775490981093062;8.0
142;1873;842.85;1254.2956560000002;989738.5851060328;2.0;1254295.6560000002;989738.5851060328;264557.0708939674;1.2672999465466175;260662.49982120655;2247600;648410.3771660151;10.126371993837003;9.0
144;1751;787.95;1172.595672;811909.7145251094;1.0;1172595.672;811909.7145251094;360685.95747489063;1.444243923951394;221011.72650502188;2101200;354282.6792229215;8.86007958314311;10.0
145;294;132.3;196.88356800000003;514899.2371812039;1.0;196883.56800000003;196883.56800000003;0.0;0.38237300384795975;49220.89200000001;352800;194053.55240259544;12.775490981093062;8.0
147;1026;461.7;687.083472;422851.31294909713;2.0;687083.4720000001;422851.31294909713;264232.15905090293;1.6248819643199528;118924.43618981943;1231200;90073.29992066242;7.8201887010806885;11.0
148;16;7.2;10.714752;159811.54862937072;1.0;10714.752;10714.752;0.0;0.06704616838955284;2678.688;19200;10560.737545719478;12.775490981093062;8.0
150;2706;1217.7;1812.132432;752867.1880104173;2.0;1812132.432;752867.1880104173;1059265.2439895826;2.4069749098627553;241180.05920208344;3247200;-567643.2755235806;4.934705489134005;14.0
151;277;124.65;185.49914400000003;0.0;;185499.14400000003;0.0;185499.14400000003;;9274.957200000003;332400;-229353.44624794633;-3.084936894976126;
152;2053;923.85;1374.836616;630064.5569536866;1.0;1374836.6160000002;630064.5569536866;744772.0590463135;2.1820567445457155;194754.74219073734;2463600;-299837.45351351367;5.5803392418942614;14.0
153;2043;919.35;1368.1398960000001;3410115.658353187;2.0;1368139.8960000002;1368139.8960000002;0.0;0.401200438069805;342034.97400000005;2451600;1348474.1753690562;12.775490981093062;8.0
154;809;364.05;541.7646480000001;2066876.3082759029;1.0;541764.648;541764.648;0.0;0.26211759544136254;135441.162;970800;533977.2921554411;12.775490981093062;8.0
155;2934;1320.3;1964.817648;694068.1925615254;3.0;1964817.648;694068.1925615254;1270749.4554384747;2.830871186804645;237054.52091230507;3520800;-887078.7973450498;3.96182716262391;16.0
156;1166;524.7;780.8375520000002;1493441.1349166417;2.0;780837.5520000001;780837.5520000001;0.0;0.5228445458907114;195209.38800000004;1399200;769613.7486443074;12.775490981093062;8.0
157;5826;2621.7000000000003;3901.5090720000007;231373.7712619084;1.0;3901509.0720000006;231373.7712619084;3670135.300738092;16.862365387058524;241350.2078523817;6991200;-4309752.8913783245;-1.5967573130216184;
158;1002;450.90000000000003;671.011344;1126306.246295602;1.0;671011.344;671011.344;0.0;0.5957627831745962;167752.836;1202400;661366.1888006824;12.775490981093062;8.0
159;401;180.45000000000002;268.538472;452255.1914774418;1.0;268538.472;268538.472;0.0;0.5937764276905919;67134.618;481200;264678.4847395944;12.775490981093062;8.0
160;1864;838.8000000000001;1248.2686080000003;303766.77319261286;2.0;1248268.6080000002;303766.77319261286;944501.8348073873;4.109299364379448;123166.78503852259;2236800;-868393.390539877;2.113288078930775;20.0
161;43;19.35;28.795896000000003;0.0;;28795.896000000004;0.0;28795.896000000004;;1439.7948000000004;51600;-35603.6035691758;-3.084936894976126;
162;989;445.05;662.305608;396190.814198762;1.0;662305.608;396190.814198762;266114.793801238;1.6716834016947522;112353.4432397524;1186800;61468.307699948964;7.582910842228097;11.0
163;3034;1365.3;2031.7848480000002;739878.8033017373;2.0;2031784.8480000002;739878.8033017373;1291906.044698263;2.746104955207641;249565.0030603475;3640800;-868084.9407337923;4.135659433217464;16.0
164;1348;606.6;902.7178560000001;624146.4307753489;1.0;902717.8560000001;624146.4307753489;278571.42522465123;1.4463238296157435;169965.1789550698;1617600;270745.7434359939;8.846821685557272;10.0
165;1510;679.5;1011.2047200000002;629678.0780912859;2.0;1011204.7200000002;629678.0780912859;381526.6419087143;1.6059074552273098;176495.85161825718;1812000;148902.7695346383;7.919802032577039;11.0
166;1912;860.4;1280.4128640000001;1268037.9089999932;3.0;1280412.864;1268037.9089999932;12374.955000006827;1.0097591364675889;317628.22499999864;2294400;1234510.5119139273;12.656800296347093;8.0
167;877;394.65000000000003;587.3023440000001;997641.1406719494;4.0;587302.344;587302.344;0.0;0.588690983217101;146825.586;1052400;578860.4267247489;12.775490981093062;8.0
168;9568;4305.6;6407.421696000001;5590466.050161047;3.0;6407421.696000001;5590466.050161047;816955.6458389545;1.1461337281201127;1438464.2948322094;11481600;4500014.2631728025;11.190194327536462;9.0
169;63;28.35;42.18933600000001;0.0;;42189.33600000001;0.0;42189.33600000001;;2109.4668000000006;75600;-52163.41918274591;-3.084936894976126;
171;866;389.7;579.9359519999999;1233034.7750775171;3.0;579935.9519999999;579935.9519999999;0.0;0.47033219477815713;144983.98799999998;1039200;571599.9196620665;12.775490981093062;8.0
172;1811;814.95;1212.7759920000003;0.0;;1212775.9920000003;0.0;1212775.9920000003;;60638.79960000002;2173200;-1499491.303808775;-3.084936894976126;
174;1373;617.85;919.4596560000001;0.0;;919459.6560000001;0.0;919459.6560000001;;45972.982800000005;1647600;-1136831.3418715892;-3.0849368949761367;
175;1441;648.45;964.9973520000002;591870.8286649248;2.0;964997.3520000002;591870.8286649248;373126.52333507536;1.6304188435451903;166624.03333298498;1729200;122024.97462645147;7.791500990042321;11.0
176;351;157.95000000000002;235.05487200000005;222916.14076760603;1.0;235054.87200000003;222916.14076760603;12138.731232393999;1.0544542498833624;56335.97175352121;421200;204703.45338449662;12.138635884281623;8.0
179;89;40.050000000000004;59.600808000000015;0.0;;59600.80800000001;0.0;59600.80800000001;;2980.040400000001;106800;-73691.17948038706;-3.084936894976126;
180;1130;508.5;756.7293600000002;1678984.263958721;3.0;756729.3600000001;756729.3600000001;0.0;0.45070664225034385;189182.34000000003;1356000;745852.0891664382;12.775490981093062;8.0
183;559;251.55;374.3466480000001;150126.6016390424;1.0;374346.64800000004;150126.6016390424;224220.04636095764;2.493539745208262;48742.65272780848;670800;-129259.77765441292;4.713071117845702;15.0
185;1277;574.65;855.171144;947694.1611463475;4.0;855171.144;855171.144;0.0;0.9023703838858413;213792.786;1532400;842878.8653677355;12.775490981093062;8.0
186;2453;1103.8500000000001;1642.7054160000002;645400.94036329;2.0;1642705.4160000002;645400.94036329;997304.4756367102;2.5452479432015345;211215.45887265803;2943600;-596955.733438205;4.586873992913409;15.0
188;439;197.55;293.986008;855712.6227097949;2.0;293986.00800000003;293986.00800000003;0.0;0.343556937455277;73496.50200000001;526800;289760.23641067825;12.775490981093062;8.0
189;460;207.0;308.0491200000001;346733.1091851026;1.0;308049.12000000005;308049.12000000005;0.0;0.8884329527225759;77012.28000000001;552000;303621.20443943504;12.775490981093062;8.0
190;1261;567.45;844.4563920000003;629390.9071681122;1.0;844456.3920000002;629390.9071681122;215065.484831888;1.3417041498097833;168101.00103362245;1513200;354434.36911441584;9.55811521853639;10.0
191;315;141.75;210.94668000000004;0.0;;210946.68000000005;0.0;210946.68000000005;;10547.334000000003;378000;-260817.09591372963;-3.084936894976126;
192;1370;616.5;917.4506400000001;530876.0614815184;3.0;917450.6400000001;530876.0614815184;386574.5785184817;1.7281823509609118;152047.7442963037;1644000;45279.60718865349;7.311382577096214;12.0
195;1504;676.8000000000001;1007.1866880000001;763471.2400262654;1.0;1007186.6880000001;763471.2400262654;243715.4479737347;1.3192202079090107;203053.58240525308;1804800;451164.2532765515;9.723868355960985;10.0
196;4411;1984.95;2953.923192;2687907.1219134335;4.0;2953923.1920000003;2687907.1219134335;266016.07008656673;1.098967731406284;685277.5839826867;5293200;2320365.4181724326;11.660426844453376;8.0
197;1359;611.5500000000001;910.0842480000001;572140.4279091655;2.0;910084.2480000001;572140.4279091655;337943.82009083463;1.5906658638436357;159932.2979818331;1630800;146078.5111670849;8.001312575207054;11.0
198;307;138.15;205.589304;434609.5416395076;1.0;205589.304;205589.304;0.0;0.4730436962438544;51397.326;368400;202634.15165849248;12.775490981093062;8.0
199;1941;873.45;1299.833352;803420.4703966553;2.0;1299833.3520000002;803420.4703966553;496412.8816033449;1.617874325953211;225675.76167933107;2329200;178101.004734;7.856741207494899;11.0
200;410;184.5;274.56552;181106.9182197059;1.0;274565.52;181106.9182197059;93458.60178029412;1.5160410364164933;49949.65964394118;492000;62950.30072981604;8.420900656102049;11.0
202;797;358.65000000000003;533.7285840000002;510540.1990133652;1.0;533728.5840000001;510540.1990133652;23188.38498663495;1.0454193127817304;128794.46900267305;956400;474531.25788776274;12.24015769568677;8.0
204;2498;1124.1000000000001;1672.8406560000005;440513.53131791385;2.0;1672840.6560000004;440513.53131791385;1232327.1246820865;3.797478481524168;171744.7390635828;2997600;-1089483.0023767746;2.4641835197293793;19.0
206;934;420.3;625.473648;2493453.616411505;1.0;625473.648;625473.648;0.0;0.2508463136764344;156368.412;1120800;616483.0542313748;12.775490981093062;8.0
207;845;380.25;565.8728400000001;679653.1906599726;2.0;565872.8400000001;565872.8400000001;0.0;0.8325905738050212;141468.21000000002;1014000;557738.9516333102;12.775490981093062;8.0
208;979;440.55;655.608888;160807.06436119013;1.0;655608.888;160807.06436119013;494801.8236388099;4.0769905887183615;64941.857272238034;1174800;-453283.50759377354;2.147481099486115;20.0
209;722;324.90000000000003;483.50318400000015;0.0;;483503.1840000001;0.0;483503.1840000001;;24175.15920000001;866400;-597809.3436498817;-3.084936894976126;
211;552;248.4;369.658944;316149.68017433654;2.0;369658.944;316149.68017433654;53509.26382566348;1.1692529430874532;81712.8832348673;662400;245445.80811834265;10.972110804005675;9.0
212;1006;452.7;673.6900320000001;906755.6452421205;2.0;673690.0320000001;673690.0320000001;0.0;0.7429675630198171;168422.50800000003;1207200;664006.3731871124;12.775490981093062;8.0
214;337;151.65;225.67946400000002;0.0;;225679.46400000004;0.0;225679.46400000004;;11283.973200000002;404400;-279032.89308865665;-3.084936894976126;
215;107;48.15;71.65490400000002;0.0;;71654.90400000001;0.0;71654.90400000001;;3582.7452000000008;128400;-88595.01353260019;-3.084936894976126;
216;774;348.3;518.326128;694835.8407756293;1.0;518326.128;518326.128;0.0;0.7459691880911101;129581.532;928800;510875.6787741798;12.775490981093062;8.0
217;226;101.7;151.345872;82552.48674971273;1.0;151345.872;82552.48674971273;68793.38525028728;1.8333290486918816;24077.790949942544;271200;-3691.1235866439974;6.84488984082715;12.0
218;1514;681.3000000000001;1013.8834080000003;759205.5843656841;2.0;1013883.4080000003;759205.5843656841;254677.8236343162;1.3354530431267828;202535.28727313684;1816800;433405.89493166935;9.603705289141995;10.0
219;1084;487.8;725.9244480000001;189741.8984586525;1.0;725924.4480000001;189741.8984586525;536182.5495413477;3.825852138599686;74244.60209173051;1300800;-475928.2280585245;2.4302136075916025;19.0
222;773;347.85;517.656456;2993031.523829172;2.0;517656.45600000006;517656.45600000006;0.0;0.1729538936956233;129414.11400000002;927600;510215.6326775723;12.775490981093062;8.0
223;105;47.25;70.31555999999999;0.0;;70315.56;0.0;70315.56;;3515.7780000000002;126000;-86939.0319712432;-3.084936894976126;
225;1088;489.6;728.6031360000001;389151.46061887144;2.0;728603.136;389151.46061887144;339451.6753811286;1.8722867822243177;114260.4489237743;1305600;-36144.49332041228;6.683600167505876;12.0
226;391;175.95000000000002;261.84175200000004;170583.18697740082;1.0;261841.75200000004;170583.18697740082;91258.56502259921;1.53497983382553;47208.72499548017;469200;55297.99097861791;8.311051582720996;11.0
227;283;127.35000000000001;189.51717600000003;0.0;;189517.17600000004;0.0;189517.17600000004;;9475.858800000002;339600;-234321.39093201738;-3.084936894976126;
228;3539;1592.55;2369.969208;1018518.4091165799;3.0;2369969.208;1018518.4091165799;1351450.7988834202;2.3268791087002656;322202.142223316;4246800;-667072.3902982777;5.1523192270635505;14.0
229;1272;572.4;851.822784;401072.61745404237;3.0;851822.784;401072.61745404237;450750.1665459576;2.1238617320904676;122805.66269080847;1526400;-162005.5290988332;5.766378497412516;13.0
230;454;204.3;304.03108800000007;700212.6719324966;1.0;304031.08800000005;304031.08800000005;0.0;0.43419820889689625;76007.77200000001;544800;299660.92785979033;12.775490981093062;8.0
231;1419;638.5500000000001;950.2645680000002;132458.81983836525;1.0;950264.5680000002;132458.81983836525;817805.7481616349;7.1740377059041744;74004.99236767305;1702800;-880590.3380582993;0.14551434302340072;25.0
232;68;30.6;45.537696000000004;0.0;;45537.696;0.0;45537.696;;2276.8848000000003;81600;-56303.37308613842;-3.084936894976126;
235;903;406.35;604.713816;0.0;;604713.816;0.0;604713.816;;30235.6908;1083600;-747675.6749526912;-3.084936894976126;
236;941;423.45;630.161352;253666.5064315253;1.0;630161.352;253666.5064315253;376494.8455684746;2.4842118924758623;82241.36888630506;1129200;-215482.6149122166;4.736315556429826;15.0
237;369;166.05;247.10896800000003;564616.8346522984;1.0;247108.96800000002;247108.96800000002;0.0;0.43765781116352004;61777.242000000006;442800;243557.00964815557;12.775490981093062;8.0
238;342;153.9;229.027824;126930.68616322165;1.0;229027.82400000002;126930.68616322165;102097.13783677838;1.8043534697786985;36837.52843264433;410400;-1127.9923914592446;6.968743950071088;12.0
239;1177;529.65;788.203944;389568.8844678796;1.0;788203.944;389568.8844678796;398635.0595321204;2.023272328529586;117323.97409357592;1412400;-108908.14099301431;6.109519101638272;13.0
240;1240;558.0;830.39328;484814.5053416279;1.0;830393.28;484814.5053416279;345578.7746583721;1.712806178137879;138482.56506832558;1488000;50567.86369164964;7.383740176234433;12.0
241;377;169.65;252.46634400000002;201968.4562109029;1.0;252466.344;201968.4562109029;50497.88778909712;1.2500285873174442;53017.00844218058;452400;136629.13430266242;10.266797765289837;9.0
242;1068;480.6;715.2096960000001;447936.4014686389;2.0;715209.6960000001;447936.4014686389;267273.2945313612;1.5966768801442757;125347.7650937278;1281600;111037.71626144198;7.969004627018384;11.0
243;1406;632.7;941.558832;1633275.5448229685;3.0;941558.832;941558.832;0.0;0.5764849874746983;235389.708;1687200;928024.8118300992;12.775490981093062;8.0
244;648;291.6;433.94745600000005;613600.9683677633;1.0;433947.45600000006;433947.45600000006;0.0;0.7072144249614556;108486.86400000002;777600;427709.87060163904;12.775490981093062;8.0
245;469;211.05;314.076168;891699.6326958414;1.0;314076.168;314076.168;0.0;0.35222193268204627;78519.042;562800;309561.6193089021;12.775490981093062;8.0
246;433;194.85;289.96797599999996;444357.6663904583;2.0;289967.97599999997;289967.97599999997;0.0;0.6525553578391609;72491.99399999999;519600;285799.95983103325;12.775490981093062;8.0
247;4447;2001.15;2978.0313840000003;0.0;;2978031.3840000005;0.0;2978031.3840000005;;148901.56920000003;5336400;-3682075.001677319;-3.084936894976126;
249;315;141.75;210.94668000000004;156823.13427566347;1.0;210946.68000000005;156823.13427566347;54123.54572433658;1.3451247545480012;41911.9608551327;378000;87649.92527538583;9.533326301061528;10.0
251;2239;1007.5500000000001;1499.3956080000003;0.0;;1499395.6080000002;0.0;1499395.6080000002;;74969.78040000002;2686800;-1853871.357939175;-3.084936894976126;
252;1138;512.1;762.0867360000001;999304.999932688;2.0;762086.736;762086.736;0.0;0.7626167546958469;190521.684;1365600;751132.4579392977;12.775490981093062;8.0
254;2351;1057.95;1574.3988720000002;1227189.2921304035;3.0;1574398.8720000002;1227189.2921304035;347209.57986959675;1.282930744340867;324157.8020260807;2821200;780255.3652741499;10.002171677122284;9.0
255;798;359.1;534.3982560000001;771277.3017974624;2.0;534398.256;534398.256;0.0;0.6928743459124034;133599.564;957600;526716.7850927591;12.775490981093062;8.0
256;237;106.65;158.71226400000003;441476.4546438646;1.0;158712.26400000002;158712.26400000002;0.0;0.35950334911525894;39678.066000000006;284400;156430.92489596986;12.775490981093062;8.0
257;89;40.050000000000004;59.600808000000015;0.0;;59600.80800000001;0.0;59600.80800000001;;2980.040400000001;106800;-73691.17948038706;-3.084936894976126;
258;1501;675.45;1005.1776720000001;1349837.6876012585;3.0;1005177.6720000001;1005177.6720000001;0.0;0.7446655855240346;251294.41800000003;1801200;990729.191007809;12.775490981093062;8.0
260;812;365.40000000000003;543.773664;408557.0837904309;1.0;543773.6640000001;408557.0837904309;135216.5802095692;1.330961291761443;108900.09995808618;974400;235501.00136903592;9.636696892030605;10.0
261;2211;994.95;1480.6447920000003;988508.9086693024;2.0;1480644.7920000004;988508.9086693024;492135.883330698;1.4978568013040923;271734.02133386047;2653200;365817.1050753048;8.528650430131812;11.0
262;2062;927.9;1380.8636640000002;1853649.6488816414;2.0;1380863.664;1380863.664;0.0;0.7449431799763854;345215.916;2474400;1361015.0512045978;12.775490981093062;8.0
265;266;119.7;178.132752;686012.4849429411;1.0;178132.752;178132.752;0.0;0.25966400890621716;44533.188;319200;175572.26169758636;12.775490981093062;8.0
266;1368;615.6;916.111296;1620961.2895917508;4.0;916111.2960000001;916111.2960000001;0.0;0.5651654372515759;229027.82400000002;1641600;902943.0601590156;12.775490981093062;8.0
268;1656;745.2;1108.976832;400119.4071880301;2.0;1108976.8320000002;400119.4071880301;708857.4248119701;2.771614703204969;135472.72303760602;1987200;-482072.058662249;4.082386685759076;16.0
269;1209;544.0500000000001;809.6334480000002;893954.452986922;3.0;809633.4480000002;809633.4480000002;0.0;0.9056763969291897;202408.36200000005;1450800;797995.7307984285;12.775490981093062;8.0
270;1934;870.3000000000001;1295.145648;1323215.5691002395;4.0;1295145.648;1295145.648;0.0;0.9787865849255942;323786.412;2320800;1276529.1508388417;12.775490981093062;8.0
271;304;136.8;203.58028800000002;928591.6364279276;1.0;203580.28800000003;203580.28800000003;0.0;0.21923553908273957;50895.07200000001;364800;200654.0133686701;12.775490981093062;8.0
273;712;320.40000000000003;476.8064640000001;169917.31433370724;1.0;476806.4640000001;169917.31433370724;306889.1496662928;2.806108758661176;57823.78606674145;854400;-211966.64418098587;4.011675674804483;16.0
274;3187;1434.15;2134.2446640000003;733039.9733833997;2.0;2134244.6640000003;733039.9733833997;1401204.6906166007;2.9114983377362598;253320.22787667997;3824400;-1009963.6726413367;3.804577293772382;16.0
275;321;144.45000000000002;214.96471200000002;464937.57013349526;1.0;214964.71200000003;214964.71200000003;0.0;0.4623517775478507;53741.17800000001;385200;211874.79701099714;12.775490981093062;8.0
276;462;207.9;309.38846400000006;383391.50906196993;1.0;309388.46400000004;309388.46400000004;0.0;0.8069778716721441;77347.11600000001;554400;304941.29663265;12.775490981093062;8.0
278;1077;484.65000000000003;721.236744;1411449.3040212106;3.0;721236.7440000001;721236.7440000001;0.0;0.5109901871397017;180309.18600000002;1292400;710869.6460462424;12.775490981093062;8.0
279;5449;2452.05;3649.042728;0.0;;3649042.728;0.0;3649042.728;;182452.13640000002;6538800;-4511721.763917184;-3.084936894976126;
280;1365;614.25;914.1022800000002;1120550.9333689124;3.0;914102.2800000001;914102.2800000001;0.0;0.8157614730209284;228525.57000000004;1638000;900962.9218691932;12.775490981093062;8.0
281;871;391.95;583.284312;1551937.7416671272;1.0;583284.312;583284.312;0.0;0.3758425975087265;145821.078;1045200;574900.1501451042;12.775490981093062;8.0
282;934;420.3;625.473648;385280.2059534542;2.0;625473.648;385280.2059534542;240193.44204654585;1.6234253365083688;108329.72359069085;1120800;82764.0105092066;7.8277640314568515;11.0
283;603;271.35;403.8122160000001;366428.95166296855;1.0;403812.2160000001;366428.95166296855;37383.26433703152;1.10202049856425;93476.40113259372;723600;314940.748614813;11.628902926233964;8.0
285;874;393.3;585.2933280000001;1621788.4717130575;2.0;585293.3280000001;585293.3280000001;0.0;0.3608937529206681;146323.33200000002;1048800;576880.2884349268;12.775490981093062;8.0
286;1570;706.5;1051.3850400000001;1925027.3045246718;5.0;1051385.04;1051385.04;0.0;0.5461662998383331;262846.26;1884000;1036272.3716737237;12.775490981093062;8.0
288;2590;1165.5;1734.4504800000002;1028519.7652487278;2.0;1734450.4800000002;1028519.7652487278;705930.7147512725;1.6863560026778452;292426.47704974556;3108000;140914.25761299388;7.510880616741334;11.0
289;1064;478.8;712.531008;1091602.9936893024;3.0;712531.008;712531.008;0.0;0.652738231865645;178132.752;1276800;702289.0467903455;12.775490981093062;8.0
290;1863;838.35;1247.5989360000003;1050956.9814940628;3.0;1247598.9360000002;1050956.9814940628;196641.9545059374;1.1871075200684114;272571.34309881256;2235600;792719.9105114206;10.808876776988575;9.0
291;2393;1076.8500000000001;1602.5250960000003;1658183.2022433104;3.0;1602525.0960000004;1602525.0960000004;0.0;0.966434284120107;400631.2740000001;2871600;1579490.30918167;12.775490981093062;8.0
292;813;365.85;544.443336;138039.23365437755;1.0;544443.336;138039.23365437755;406404.1023456225;3.944120244561604;54830.01353087551;975600;-366428.03136437206;2.2931852261551033;19.0
294;927;417.15000000000003;620.785944;442198.16515482904;2.0;620785.944;442198.16515482904;178587.77884517098;1.4038636813037004;119478.93023096581;1112400;215033.83508908172;9.12427748379766;10.0
295;873;392.85;584.6236560000001;220857.3911041245;1.0;584623.6560000001;220857.3911041245;363766.2648958756;2.64706403112575;73402.6610208249;1047600;-232082.35486992795;4.3508066259828055;15.0
296;131;58.95;87.72703200000001;0.0;;87727.032;0.0;87727.032;;4386.351600000001;157200;-108466.79226888432;-3.084936894976126;
297;766;344.7;512.968752;211280.1791151026;1.0;512968.752;211280.1791151026;301688.57288489735;2.427907597146354;67904.47342302052;919200;-164768.27382554548;4.879868898476747;15.0
300;809;364.05;541.7646480000001;1590646.5281781806;1.0;541764.648;541764.648;0.0;0.3405939901811503;135441.162;970800;533977.2921554411;12.775490981093062;8.0
302;1260;567.0;843.7867200000002;0.0;;843786.7200000002;0.0;843786.7200000002;;42189.33600000001;1512000;-1043268.3836549185;-3.084936894976126;
303;1904;856.8000000000001;1275.0554880000002;1599886.6453204653;2.0;1275055.4880000001;1275055.4880000001;0.0;0.796966142401045;318763.87200000003;2284800;1256727.767940618;12.775490981093062;8.0
304;180;81.0;120.54096000000003;0.0;;120540.96000000002;0.0;120540.96000000002;;6027.048000000002;216000;-149038.34052213118;-3.084936894976126;
307;1974;888.3000000000001;1321.9325280000003;842469.107965814;2.0;1321932.5280000002;842469.107965814;479463.4200341862;1.5691169153868156;234590.4479931628;2368800;237544.8798282116;8.11890135394523;11.0
309;268;120.60000000000001;179.47209600000002;139240.77754184676;1.0;179472.09600000002;139240.77754184676;40231.318458153255;1.2889334515965507;36821.760308369354;321600;87496.82072296995;9.955182922917826;9.0
311;1107;498.15000000000003;741.3269040000001;282107.6207045144;1.0;741326.9040000001;282107.6207045144;459219.2832954857;2.6278159453781007;93487.86934090288;1328400;-289731.83739087003;4.394230215113149;15.0
312;573;257.85;383.7220560000001;0.0;;383722.0560000001;0.0;383722.0560000001;;19186.102800000004;687600;-474438.7173287841;-3.084936894976126;
313;414;186.3;277.244208;691862.922106457;1.0;277244.20800000004;277244.20800000004;0.0;0.40072129773322424;69311.05200000001;496800;273259.0839954916;12.775490981093062;8.0
314;956;430.2;640.2064320000001;834028.4764996716;2.0;640206.432;640206.432;0.0;0.7676074019521228;160051.608;1147200;631004.0683567388;12.775490981093062;8.0
316;87;39.15;58.261464000000004;0.0;;58261.46400000001;0.0;58261.46400000001;;2913.0732000000007;104400;-72035.1979190301;-3.084936894976126;
319;824;370.8;551.809728;4958198.014451409;2.0;551809.728;551809.728;0.0;0.11129239421089439;137952.432;988800;543877.9836045528;12.775490981093062;8.0
320;1032;464.40000000000003;691.1015040000002;732973.3601204446;2.0;691101.5040000002;691101.5040000002;0.0;0.942873972781816;172775.37600000005;1238400;681167.5716989067;12.775490981093062;8.0
323;2137;961.65;1431.0890640000002;317173.413288208;1.0;1431089.0640000002;317173.413288208;1113915.6507117923;4.512008270691981;134989.13585764164;2564400;-1064644.8050005287;1.723057537812267;21.0
324;2169;976.0500000000001;1452.5185680000002;271312.4159422435;1.0;1452518.5680000002;271312.4159422435;1181206.1520577567;5.353675256458628;126888.41158844871;2602800;-1193045.4056325145;1.0756495890067774;22.0
326;511;229.95000000000002;342.20239200000003;257446.53278523256;1.0;342202.39200000005;257446.53278523256;84755.8592147675;1.3292173264010227;68599.42615704652;613200;148952.78436563903;9.649559110902917;10.0
327;159;71.55;106.477848;0.0;;106477.848;0.0;106477.848;;5323.892400000001;190800;-131650.53412788254;-3.0849368949761367;
328;944;424.8;632.1703680000002;401883.32828975376;2.0;632170.3680000001;401883.32828975376;230287.03971024638;1.5730196390336744;111985.18405795076;1132800;111376.8775451869;8.097397021757901;11.0
330;662;297.90000000000003;443.32286400000004;0.0;;443322.86400000006;0.0;443322.86400000006;;22166.143200000006;794400;-548129.896809171;-3.084936894976126;
331;278;125.10000000000001;186.16881600000002;0.0;;186168.81600000002;0.0;186168.81600000002;;9308.440800000002;333600;-230181.4370286248;-3.084936894976126;
333;223;100.35000000000001;149.336856;531283.3010296237;1.0;149336.856;149336.856;0.0;0.2810870503751692;37334.214;267600;147190.27954346527;12.775490981093062;8.0
334;977;439.65000000000003;654.2695440000001;1629720.2207054787;1.0;654269.5440000001;654269.5440000001;0.0;0.4014612665950587;163567.38600000003;1172400;644865.0363854957;12.775490981093062;8.0
335;415;186.75;277.91388000000006;310063.26476169634;1.0;277913.88000000006;277913.88000000006;0.0;0.8963134675550645;69478.47000000002;498000;273919.13009209913;12.775490981093062;8.0
337;367;165.15;245.76962400000005;458214.0373019425;1.0;245769.62400000004;245769.62400000004;0.0;0.536364240273261;61442.40600000001;440400;242236.91745494073;12.775490981093062;8.0
338;32;14.4;21.429504;0.0;;21429.504;0.0;21429.504;;1071.4752;38400;-26495.704981712202;-3.084936894976126;
339;6244;2809.8;4181.431968000001;0.0;;4181431.968000001;0.0;4181431.968000001;;209071.59840000005;7492800;-5169974.434556595;-3.084936894976126;
340;216;97.2;144.64915200000002;267067.16308062244;1.0;144649.152;144649.152;0.0;0.5416208804237502;36162.288;259200;142569.95686721292;12.775490981093062;8.0
341;489;220.05;327.469608;0.0;;327469.608;0.0;327469.608;;16373.4804;586800;-404887.4917517899;-3.084936894976126;
342;145;65.25;97.10244;79377.93942667579;1.0;97102.44;79377.93942667579;17724.500573324214;1.2232925256229026;20730.709885335156;174000;56322.16369876294;10.491087335555182;9.0
343;1154;519.3000000000001;772.8014880000002;1157930.8941451916;3.0;772801.4880000001;772801.4880000001;0.0;0.6673986262111937;193200.37200000003;1384800;761693.1954850177;12.775490981093062;8.0
344;2397;1078.65;1605.2037840000003;804017.2625331805;2.0;1605203.7840000002;804017.2625331805;801186.5214668197;1.9964792533714486;241063.64170663612;2876400;-198136.69623093298;6.20591914187133;13.0
347;1012;455.40000000000003;677.7080640000001;147919.68821511627;1.0;677708.0640000001;147919.68821511627;529788.3757848839;4.581594730070175;63469.34084302327;1214400;-509243.4476023227;1.6617031389521197;21.0
348;1443;649.35;966.3366960000001;2539664.653364658;3.0;966336.6960000001;966336.6960000001;0.0;0.38049775379586254;241584.17400000003;1731600;952446.5174045757;12.775490981093062;8.0
349;432;194.4;289.29830400000003;149969.1096420041;1.0;289298.304;149969.1096420041;139329.1943579959;1.929052620840338;44458.73712840082;518400;-24454.901768152584;6.458683925044639;13.0
350;638;287.1;427.250736;730633.3554597811;2.0;427250.73600000003;427250.73600000003;0.0;0.5847676304500702;106812.68400000001;765600;421109.40963556414;12.775490981093062;8.0
351;1064;478.8;712.531008;1119705.304842654;1.0;712531.008;712531.008;0.0;0.6363558383784992;178132.752;1276800;702289.0467903455;12.775490981093062;8.0
352;969;436.05;648.9121680000001;1368030.674004576;1.0;648912.1680000001;648912.1680000001;0.0;0.4743403640946647;162228.04200000002;1162800;639584.667612636;12.775490981093062;8.0
353;1323;595.35;885.9760560000001;382735.1963594665;2.0;885976.0560000001;382735.1963594665;503240.85964053357;2.3148538844279365;120845.8420718933;1587600;-244979.51213688144;5.186104405690283;14.0
354;5995;2697.75;4014.68364;0.0;;4014683.64;0.0;4014683.64;;200734.18200000003;7194000;-4963804.730167647;-3.084936894976126;
355;155;69.75;103.79916;0.0;;103799.16;0.0;103799.16;;5189.9580000000005;186000;-128338.57100516849;-3.084936894976126;
356;207;93.15;138.622104;0.0;;138622.10400000002;0.0;138622.10400000002;;6931.105200000002;248400;-171394.09160045083;-3.084936894976126;
359;2027;912.15;1357.425144;553505.8273712175;2.0;1357425.144;553505.8273712175;803919.3166287825;2.4524134649979414;178572.4226742435;2432400;-448426.12767465017;4.816693778254544;15.0
360;934;420.3;625.473648;1085226.2912066826;2.0;625473.648;625473.648;0.0;0.5763532021552157;156368.412;1120800;616483.0542313748;12.775490981093062;8.0
361;405;182.25;271.21716000000004;186259.4367106977;1.0;271217.16000000003;186259.4367106977;84957.72328930235;1.456125739396821;50812.74534213954;486000;78539.34840671798;8.78478807643136;10.0
362;728;327.6;487.52121600000004;194398.9886440561;1.0;487521.216;194398.9886440561;293122.2273559439;2.5078382320838597;63255.85852881122;873600;-170815.27706656704;4.677728360209043;15.0
363;108;48.6;72.32457600000001;264691.3483353694;1.0;72324.576;72324.576;0.0;0.2732411786590141;18081.144;129600;71284.97843360646;12.775490981093062;8.0
364;552;248.4;369.658944;305727.4898578728;1.0;369658.944;305727.4898578728;63931.454142127244;1.209112547163645;79628.44517157455;662400;222287.30136729009;10.613607375694512;9.0
365;666;299.7;446.00155199999995;99992.12766365251;1.0;446001.55199999997;99992.12766365251;346009.42433634744;4.4603666550654175;42298.503132730504;799200;-329255.5158682215;1.7696654439572135;20.0
367;899;404.55;602.035128;587445.7911291792;1.0;602035.128;587445.7911291792;14589.336870820844;1.0248352053774654;147590.91462583584;1078800;560963.3745744898;12.4774648477186;8.0
368;140;63.0;93.75408000000002;0.0;;93754.08000000002;0.0;93754.08000000002;;4687.704000000001;168000;-115918.70929499088;-3.084936894976126;
369;777;349.65000000000003;520.3351440000001;128421.4630935431;1.0;520335.14400000015;128421.4630935431;391913.680906457;4.051777105365825;51701.04981870863;932400;-357991.41845084046;2.174493031968805;19.0
370;1929;868.0500000000001;1291.7972880000002;3673654.020275;5.0;1291797.2880000002;1291797.2880000002;0.0;0.35163825468335735;322949.32200000004;2314800;1273228.9203558047;12.775490981093062;8.0
371;2391;1075.95;1601.1857520000003;1870152.8728315458;5.0;1601185.7520000003;1601185.7520000003;0.0;0.856179072449671;400296.4380000001;2869200;1578170.2169884557;12.775490981093062;8.0
372;392;176.4;262.51142400000003;243011.29427106705;1.0;262511.42400000006;243011.29427106705;19500.12972893301;1.0802437178379931;61727.83005421341;470400;215408.03345153303;11.857267000102645;8.0
373;123;55.35;82.36965600000002;0.0;;82369.65600000002;0.0;82369.65600000002;;4118.482800000001;147600;-101842.86602345631;-3.084936894976126;
375;555;249.75;371.66796;219216.6698315116;1.0;371667.96;219216.6698315116;152451.29016848843;1.6954365755380802;62426.73196630232;666000;27572.96776858664;7.466844658175143;11.0
376;807;363.15000000000003;540.4253040000001;1094805.9566972435;2.0;540425.3040000001;540425.3040000001;0.0;0.49362656523200554;135106.32600000003;968400;532657.1999622266;12.775490981093062;8.0
377;1602;720.9;1072.814544;0.0;;1072814.544;0.0;1072814.544;;53640.7272;1922400;-1326441.2306469674;-3.084936894976126;
378;1976;889.2;1323.2718720000003;4240125.114583578;3.0;1323271.8720000002;1323271.8720000002;0.0;0.312083213641199;330817.96800000005;2371200;1304251.086896356;12.775490981093062;8.0
380;682;306.90000000000003;456.7163040000001;229651.1976452941;1.0;456716.3040000001;229651.1976452941;227065.10635470602;1.9887390472285609;68766.05472905883;818400;-54395.94023413652;6.234183984500252;13.0
381;1465;659.25;981.0694800000001;1861433.491504528;3.0;981069.4800000001;981069.4800000001;0.0;0.52705051481965;245267.37000000002;1758000;966967.5315299401;12.775490981093062;8.0
383;1839;827.5500000000001;1231.5268080000003;4431668.031037791;3.0;1231526.8080000002;1231526.8080000002;0.0;0.27789238710454717;307881.70200000005;2206800;1213824.771661133;12.775490981093062;8.0
384;297;133.65;198.89258400000003;0.0;;198892.58400000003;0.0;198892.58400000003;;9944.629200000003;356400;-245913.2618615163;-3.084936894976126;
385;1810;814.5;1212.10632;0.0;;1212106.32;0.0;1212106.32;;60605.316000000006;2172000;-1498663.3130280972;-3.084936894976126;
386;348;156.6;233.04585600000001;162803.99298003424;1.0;233045.85600000003;162803.99298003424;70241.8630199658;1.4314504929162273;44213.09139600685;417600;73615.92702153735;8.942369776016578;10.0
387;364;163.8;243.76060800000002;596960.696124747;1.0;243760.608;243760.608;0.0;0.4083361091984878;60940.152;436800;240256.77916511812;12.775490981093062;8.0
388;318;143.1;212.955696;0.0;;212955.696;0.0;212955.696;;10647.784800000001;381600;-263301.0682557651;-3.0849368949761367;
391;841;378.45;563.194152;2582444.161524685;3.0;563194.152;563194.152;0.0;0.21808570361013652;140798.538;1009200;555098.7672468798;12.775490981093062;8.0
392;36;16.2;24.108192;0.0;;24108.192;0.0;24108.192;;1205.4096;43200;-29807.66810442623;-3.084936894976126;
394;352;158.4;235.72454399999998;567800.1912318604;1.0;235724.544;235724.544;0.0;0.41515404122810906;58931.136;422400;232336.22600582853;12.775490981093062;8.0
395;1563;703.35;1046.6973360000002;772282.480845862;1.0;1046697.3360000001;772282.480845862;274414.8551541382;1.35532963903775;206791.3629691724;1875600;421891.71237828134;9.460026807848044;10.0
396;183;82.35000000000001;122.54997600000003;0.0;;122549.97600000002;0.0;122549.97600000002;;6127.498800000001;219600;-151522.3128641667;-3.084936894976126;
397;421;189.45000000000002;281.931912;1038375.7031139808;2.0;281931.912;281931.912;0.0;0.2715124315356335;70482.978;505200;277879.4066717438;12.775490981093062;8.0
398;173;77.85000000000001;115.853256;0.0;;115853.25600000001;0.0;115853.25600000001;;5792.662800000001;207600;-143242.4050573817;-3.084936894976126;
399;1536;691.2;1028.6161920000002;972298.5538283379;3.0;1028616.1920000002;972298.5538283379;56317.63817166223;1.0579221659334128;245890.5203656676;1843200;888690.8516344653;12.100082984772975;8.0
400;1887;849.15;1263.6710640000003;2327848.6804416757;8.0;1263671.0640000002;1263671.0640000002;0.0;0.542849316030386;315917.76600000006;2264400;1245506.9842982916;12.775490981093062;8.0
402;935;420.75;626.14332;679351.7532219698;2.0;626143.3200000001;626143.3200000001;0.0;0.9216776390586798;156535.83000000002;1122000;617143.1003279821;12.775490981093062;8.0
403;253;113.85000000000001;169.42701600000004;0.0;;169427.01600000003;0.0;169427.01600000003;;8471.350800000002;303600;-209481.66751166218;-3.084936894976126;
404;6735;3030.75;4510.240920000001;0.0;;4510240.920000001;0.0;4510240.920000001;;225512.04600000006;8082000;-5576517.90786974;-3.084936894976126;
405;148;66.60000000000001;99.11145600000002;692814.7581974008;1.0;99111.45600000002;99111.45600000002;0.0;0.14305621355104073;24777.864000000005;177600;97686.8222979052;12.775490981093062;8.0
407;4580;2061.0;3067.09776;5401602.725424248;16.0;3067097.7600000002;3067097.7600000002;0.0;0.5678125393346299;766774.4400000001;5496000;3023011.122462201;12.775490981093062;8.0
408;1258;566.1;842.4473760000001;1082971.0022710809;2.0;842447.376;842447.376;0.0;0.777903908999703;210611.844;1509600;830337.989532194;12.775490981093062;8.0
410;2411;1084.95;1614.5791920000004;2537897.2668041377;2.0;1614579.1920000003;1614579.1920000003;0.0;0.6361877658007681;403644.79800000007;2893200;1591371.1389206043;12.775490981093062;8.0
413;3883;1747.3500000000001;2600.336376;4685750.538446964;6.0;2600336.376;2600336.376;0.0;0.5549455428034482;650084.094;4659600;2562958.9931267966;12.775490981093062;8.0
415;119;53.550000000000004;79.69096800000001;0.0;;79690.96800000001;0.0;79690.96800000001;;3984.5484000000006;142800;-98530.90290074225;-3.084936894976126;
416;748;336.6;500.9146560000001;733612.9138549383;1.0;500914.6560000001;500914.6560000001;0.0;0.6828051231647878;125228.66400000002;897600;493714.4802623857;12.775490981093062;8.0
417;28;12.6;18.750816000000004;0.0;;18750.816000000003;0.0;18750.816000000003;;937.5408000000002;33600;-23183.741858998186;-3.084936894976126;
419;1370;616.5;917.4506400000001;588937.5101829206;2.0;917450.6400000001;588937.5101829206;328513.1298170795;1.5578064296075236;163660.03403658414;1644000;174294.3738450679;8.181752645932805;11.0
420;263;118.35000000000001;176.12373600000004;0.0;;176123.73600000003;0.0;176123.73600000003;;8806.186800000001;315600;-217761.57531844714;-3.084936894976126;
422;2624;1180.8;1757.2193280000001;1273347.597813673;1.0;1757219.3280000002;1273347.597813673;483871.7301863271;1.3799997196501024;342530.4859627346;3148800;656779.4083315018;9.28677150951841;10.0
423;947;426.15000000000003;634.179384;535709.5765554926;1.0;634179.3840000001;535709.5765554926;98469.80744450749;1.1838119230155433;138850.88451109853;1136400;406259.9633573633;10.838676615125664;9.0
424;266;119.7;178.132752;694593.409938167;1.0;178132.752;178132.752;0.0;0.2564561503914318;44533.188;319200;175572.26169758636;12.775490981093062;8.0
425;1217;547.65;814.990824;0.0;;814990.824;0.0;814990.824;;40749.54120000001;1460400;-1007664.7800857424;-3.084936894976126;
427;606;272.7;405.821232;158939.48958280435;1.0;405821.232;158939.48958280435;246881.74241719567;2.5533065008905487;52078.95951656087;727200;-148592.76921145068;4.567602023679241;15.0
428;154;69.3;103.12948800000001;0.0;;103129.48800000001;0.0;103129.48800000001;;5156.474400000001;184800;-127510.58022449003;-3.084936894976126;
431;1185;533.25;793.56132;281586.7191627702;2.0;793561.3200000001;281586.7191627702;511974.60083722987;2.818177371288895;95995.40983255404;1422000;-355472.5814949634;3.9872867901379005;16.0
432;1517;682.65;1015.8924240000001;1484819.303550041;4.0;1015892.4240000001;1015892.4240000001;0.0;0.6841858949241245;253973.10600000003;1820400;1001289.9285535282;12.775490981093062;8.0
433;102;45.9;68.30654399999999;155013.2506762654;1.0;68306.544;68306.544;0.0;0.44064971027962996;17076.636;122400;67324.70185396164;12.775490981093062;8.0
434;1510;679.5;1011.2047200000002;917166.9658600821;2.0;1011204.7200000002;917166.9658600821;94037.75413991814;1.1025306815883118;233993.62917201643;1812000;787714.1082346244;11.623649855363405;8.0
435;1403;631.35;939.5498160000001;910821.194582948;1.0;939549.8160000001;910821.194582948;28728.621417052113;1.0315414502735705;229141.72971658962;1683600;862208.574521412;12.399213350286697;8.0
437;1796;808.2;1202.7309120000002;0.0;;1202730.9120000002;0.0;1202730.9120000002;;60136.54560000001;2155200;-1487071.4420985978;-3.084936894976126;
439;763;343.35;510.959736;805068.4549650479;2.0;510959.73600000003;510959.73600000003;0.0;0.6346786199965857;127739.93400000001;915600;503615.1717114976;12.775490981093062;8.0
440;758;341.1;507.6113760000001;691178.8572530985;1.0;507611.3760000001;507611.3760000001;0.0;0.7344139229277973;126902.84400000003;909600;500314.94122846046;12.775490981093062;8.0
442;350;157.5;234.3852;0.0;;234385.2;0.0;234385.2;;11719.260000000002;420000;-289796.7732374773;-3.084936894976126;
444;506;227.70000000000002;338.8540320000001;505975.7680969562;1.0;338854.03200000006;338854.03200000006;0.0;0.6697040715496638;84713.50800000002;607200;333983.3248833785;12.775490981093062;8.0
445;213;95.85000000000001;142.64013600000004;0.0;;142640.13600000003;0.0;142640.13600000003;;7132.006800000002;255600;-176362.03628452186;-3.084936894976126;
447;555;249.75;371.66796;2401573.6732982765;1.0;371667.96;371667.96;0.0;0.15476017418593624;92916.99;666000;366325.5836171443;12.775490981093062;8.0
448;295;132.75;197.55324000000002;217415.08192564975;1.0;197553.24000000002;197553.24000000002;0.0;0.9086455192080835;49388.310000000005;354000;194713.59849920287;12.775490981093062;8.0
449;1285;578.25;860.5285200000002;2265414.416273947;3.0;860528.5200000001;860528.5200000001;0.0;0.3798547911668009;215132.13000000003;1542000;848159.2341405955;12.775490981093062;8.0
450;191;85.95;127.90735200000002;251869.15551257183;1.0;127907.35200000001;127907.35200000001;0.0;0.5078325360630179;31976.838000000003;229200;126068.80445202626;12.775490981093062;8.0
451;797;358.65000000000003;533.7285840000002;272516.1196340766;1.0;533728.5840000001;272516.1196340766;261212.46436592354;1.9585211499292918;81189.65312681533;956400;-54367.37875588588;6.346369633019366;13.0
452;191;85.95;127.90735200000002;342967.58895299595;1.0;127907.35200000001;127907.35200000001;0.0;0.3729429722221648;31976.838000000003;229200;126068.80445202626;12.775490981093062;8.0
453;514;231.3;344.21140800000006;219441.20818422709;1.0;344211.40800000005;219441.20818422709;124770.19981577297;1.5685814476150024;61098.81203684542;616800;62019.52261099561;8.121859093159333;11.0
454;557;250.65;373.007304;592993.3552312996;3.0;373007.304;373007.304;0.0;0.6290244244887143;93251.826;668400;367645.67581035924;12.775490981093062;8.0
456;1968;885.6;1317.9144960000003;437257.0293260465;1.0;1317914.4960000003;437257.0293260465;880657.4666739537;3.0140498782405616;153347.13066520932;2361600;-657883.9609852112;3.615051593667584;17.0
457;2364;1063.8;1583.104608;2463196.4842602396;7.0;1583104.608;1583104.608;0.0;0.6427033401988013;395776.152;2836800;1560348.9723800528;12.775490981093062;8.0
458;2177;979.65;1457.8759440000001;1923260.4616114297;4.0;1457875.9440000001;1457875.9440000001;0.0;0.7580231451222675;364468.98600000003;2612400;1436920.3523144568;12.775490981093062;8.0
459;1528;687.6;1023.2588160000001;1611776.2050318674;3.0;1023258.8160000001;1023258.8160000001;0.0;0.6348640790237803;255814.70400000003;1833600;1008550.4356162101;12.775490981093062;8.0
460;429;193.05;287.28928800000006;324599.9318411217;1.0;287289.28800000006;287289.28800000006;0.0;0.8850565259533583;71822.32200000001;514800;283159.7754446037;12.775490981093062;8.0
461;369;166.05;247.10896800000003;219804.2618114911;1.0;247108.96800000002;219804.2618114911;27304.70618850892;1.1242228242686487;56316.30076229822;442800;182884.90489842746;11.404251924721331;9.0
462;3782;1701.9;2532.6995040000006;2896087.733798543;4.0;2532699.5040000007;2532699.5040000007;0.0;0.8745244401412114;633174.8760000002;4538400;2496294.337369444;12.775490981093062;8.0
463;1083;487.35;725.2547760000001;893945.1483689741;3.0;725254.7760000001;725254.7760000001;0.0;0.8112967303679046;181313.69400000002;1299600;714829.9226258873;12.775490981093062;8.0
464;298;134.1;199.56225600000002;3967198.596618496;1.0;199562.25600000002;199562.25600000002;0.0;0.05030306679632828;49890.564000000006;357600;196693.73678902525;12.775490981093062;8.0
465;1475;663.75;987.7662;1056466.9898194529;2.0;987766.2000000001;987766.2000000001;0.0;0.9349711912615523;246941.55000000002;1770000;973567.9924960146;12.775490981093062;8.0
468;1848;831.6;1237.5538560000002;1280007.6443812107;3.0;1237553.8560000001;1237553.8560000001;0.0;0.9668331759051847;309388.46400000004;2217600;1219765.1865306;12.775490981093062;8.0
469;1374;618.3000000000001;920.1293280000002;1239218.9421088304;3.0;920129.3280000002;920129.3280000002;0.0;0.7425074752603263;230032.33200000005;1648800;906903.3367386607;12.775490981093062;8.0
470;6454;2904.3;4322.063088000001;2107733.793315814;3.0;4322063.088;2107733.793315814;2214329.2946841866;2.0505735125120714;637649.9130631628;7744800;-660387.1423907425;6.013525701609101;13.0
471;4428;1992.6000000000001;2965.3076160000005;651333.6454105745;2.0;2965307.6160000004;651333.6454105745;2313973.970589426;4.5526707193680895;278532.1098821149;5313600;-2219054.8270432698;1.6870070811159876;21.0
473;1960;882.0;1312.5571200000002;537594.4193076198;3.0;1312557.12;537594.4193076198;774962.7006923803;2.4415378449993446;173146.73986152397;2352000;-428306.5045590307;4.844596373452282;15.0
474;733;329.85;490.8695760000001;518114.1607198564;2.0;490869.5760000001;490869.5760000001;0.0;0.9474158654880167;122717.39400000003;879600;483813.7888132741;12.775490981093085;8.0
476;1234;555.3000000000001;826.3752480000002;156937.35685537622;1.0;826375.2480000001;156937.35685537622;669437.891144624;5.265637605720202;72706.23377107526;1480800;-673019.7952136652;1.134837167734537;22.0
479;3218;1448.1000000000001;2155.0044960000005;1831761.797204104;2.0;2155004.4960000003;1831761.797204104;323242.69879589626;1.176465465809624;474102.58424082084;3861600;1405770.6603152093;10.905640004851136;9.0
480;562;252.9;376.35566400000005;0.0;;376355.66400000005;0.0;376355.66400000005;;18817.7832;674400;-465330.81874132063;-3.084936894976126;
481;553;248.85;370.328616;807008.7958972709;1.0;370328.61600000004;370328.61600000004;0.0;0.4588904332675222;92582.15400000001;663600;365005.4914239296;12.775490981093062;8.0
482;272;122.4;182.15078400000002;360054.5837473119;1.0;182150.784;182150.784;0.0;0.505897695022359;45537.696;326400;179532.5382772311;12.775490981093062;8.0
483;267;120.15;178.80242400000003;486203.9543847743;1.0;178802.42400000003;178802.42400000003;0.0;0.3677518917472616;44700.60600000001;320400;176232.30779419385;12.775490981093062;8.0
484;55;24.75;36.83196000000001;0.0;;36831.96000000001;0.0;36831.96000000001;;1841.5980000000004;66000;-45539.49293731785;-3.084936894976126;
485;193;86.85000000000001;129.24669600000001;0.0;;129246.69600000001;0.0;129246.69600000001;;6462.3348000000005;231600;-159802.22067095176;-3.084936894976126;
486;882;396.90000000000003;590.6507040000001;1467939.4798811628;1.0;590650.7040000001;590650.7040000001;0.0;0.4023672038903241;147662.67600000004;1058400;582160.6572077863;12.775490981093062;8.0
487;196;88.2;131.25571200000002;365086.5572394391;1.0;131255.71200000003;131255.71200000003;0.0;0.35951943285032273;32813.92800000001;235200;129369.03493506368;12.775490981093062;8.0
488;1231;553.95;824.3662320000002;891404.0657940083;4.0;824366.2320000002;824366.2320000002;0.0;0.9247952344324402;206091.55800000005;1477200;812516.7449237924;12.775490981093062;8.0
490;1905;857.25;1275.7251600000002;595831.8370235773;3.0;1275725.1600000001;595831.8370235773;679893.3229764228;2.1410825684857104;182952.62540471548;2286000;-253361.23506355865;5.710421408983269;13.0
491;1877;844.65;1256.974344;2366984.9096412994;4.0;1256974.344;1256974.344;0.0;0.5310445110486514;314243.586;2252400;1238906.523332216;12.775490981093062;8.0
492;21;9.450000000000001;14.063112000000002;0.0;;14063.112000000003;0.0;14063.112000000003;;703.1556000000002;25200;-17387.80639424864;-3.084936894976126;
494;606;272.7;405.821232;297255.7553895828;1.0;405821.232;297255.7553895828;108565.47661041724;1.3652258186494373;79742.21267791656;727200;158751.28018732267;9.389866025817451;10.0
498;138;62.1;92.414736;0.0;;92414.736;0.0;92414.736;;4620.736800000001;165600;-114262.72773363389;-3.084936894976126;
499;822;369.90000000000003;550.4703840000001;713784.4759845964;2.0;550470.3840000001;550470.3840000001;0.0;0.7711997143685139;137617.59600000002;986400;542557.8914113384;12.775490981093062;8.0
503;648;291.6;433.94745600000005;320006.3714900479;2.0;433947.45600000006;320006.3714900479;113941.08450995217;1.356058799640168;85698.64709800958;777600;174528.40924627925;9.454826566771512;10.0
506;1695;762.75;1135.09404;733338.7789097605;3.0;1135094.04;733338.7789097605;401755.2610902395;1.547844015132434;203422.4577819521;2034000;226062.5294748313;8.237774992606129;11.0
507;289;130.05;193.53520800000004;265456.6010100341;1.0;193535.20800000004;193535.20800000004;0.0;0.7290653435010438;48383.80200000001;346800;190753.3219195582;12.775490981093062;8.0
