ptd_id,zona
67,Esgueira
96,Esgueira
298,Aveiro (Gl贸ria e Vera Cruz)
478,Aveiro (Gl贸ria e Vera Cruz)
120,Aveiro (Gl贸ria e Vera Cruz)
408,Esgueira
413,Cacia
380,Cacia
110,Cacia
121,Cacia
78,Cacia
481,Cacia
183,Cacia
245,Cacia
265,Aveiro (Gl贸ria e Vera Cruz)
266,Aveiro (Gl贸ria e Vera Cruz)
362,Aveiro (Gl贸ria e Vera Cruz)
469,Aveiro (Gl贸ria e Vera Cruz)
488,Aveiro (Gl贸ria e Vera Cruz)
280,Cacia
262,Esgueira
250,Cacia
37,Cacia
457,Cacia
6,Cacia
292,Cacia
168,Cacia
190,Cacia
378,Aveiro (Gl贸ria e Vera Cruz)
491,Aveiro (Gl贸ria e Vera Cruz)
92,Aveiro (Gl贸ria e Vera Cruz)
401,Aveiro (Gl贸ria e Vera Cruz)
319,Aveiro (Gl贸ria e Vera Cruz)
185,Aveiro (Gl贸ria e Vera Cruz)
348,Aveiro (Gl贸ria e Vera Cruz)
371,Aveiro (Gl贸ria e Vera Cruz)
220,Aveiro (Gl贸ria e Vera Cruz)
20,Aveiro (Gl贸ria e Vera Cruz)
143,Aveiro (Gl贸ria e Vera Cruz)
477,Aveiro (Gl贸ria e Vera Cruz)
77,Esgueira
144,Esgueira
85,Esgueira
61,Esgueira
333,Cacia
207,Cacia
229,Aveiro (Gl贸ria e Vera Cruz)
135,Aveiro (Gl贸ria e Vera Cruz)
475,Aveiro (Gl贸ria e Vera Cruz)
373,Aveiro (Gl贸ria e Vera Cruz)
193,Aveiro (Gl贸ria e Vera Cruz)
297,Aveiro (Gl贸ria e Vera Cruz)
117,Aveiro (Gl贸ria e Vera Cruz)
442,Aveiro (Gl贸ria e Vera Cruz)
384,Cacia
126,Aveiro (Gl贸ria e Vera Cruz)
171,Aveiro (Gl贸ria e Vera Cruz)
33,Aveiro (Gl贸ria e Vera Cruz)
113,Aveiro (Gl贸ria e Vera Cruz)
167,Aveiro (Gl贸ria e Vera Cruz)
1,Cacia
140,Cacia
104,Cacia
223,Esgueira
141,Aveiro (Gl贸ria e Vera Cruz)
53,Aveiro (Gl贸ria e Vera Cruz)
119,Aveiro (Gl贸ria e Vera Cruz)
286,Aveiro (Gl贸ria e Vera Cruz)
486,Aveiro (Gl贸ria e Vera Cruz)
376,Aveiro (Gl贸ria e Vera Cruz)
354,Cacia
205,Cacia
172,Esgueira
437,Cacia
72,Cacia
93,Cacia
151,Cacia
160,Cacia
441,Esgueira
381,Esgueira
459,Cacia
269,Cacia
109,Cacia
156,Aveiro (Gl贸ria e Vera Cruz)
182,Cacia
257,Cacia
284,Cacia
418,Eixo
416,Cacia
271,Aveiro (Gl贸ria e Vera Cruz)
178,Aveiro (Gl贸ria e Vera Cruz)
267,Aveiro (Gl贸ria e Vera Cruz)
383,Aveiro (Gl贸ria e Vera Cruz)
471,Cacia
431,Esgueira
137,Cacia
474,Esgueira
465,Cacia
27,Aveiro (Gl贸ria e Vera Cruz)
312,Oliveirinha
226,Aradas
177,Aradas
227,Aveiro (Gl贸ria e Vera Cruz)
82,Aradas
107,Aradas
307,Aradas
311,Aradas
349,Aradas
392,Aveiro (Gl贸ria e Vera Cruz)
325,Eixo
288,Aveiro (Gl贸ria e Vera Cruz)
232,Aveiro (Gl贸ria e Vera Cruz)
173,Aveiro (Gl贸ria e Vera Cruz)
5,Cacia
118,Aradas
133,Esgueira
108,Esgueira
81,Cacia
350,Esgueira
328,S茫o Bernardo
192,Esgueira
417,Aveiro (Gl贸ria e Vera Cruz)
281,Aveiro (Gl贸ria e Vera Cruz)
208,Eixo
102,Cacia
47,Cacia
379,Esgueira
313,Nariz
241,Nariz
155,S茫o Bernardo
14,Nariz
80,Esgueira
8,Esgueira
218,Esgueira
211,Esgueira
101,Esgueira
236,Esgueira
55,Esgueira
244,Cacia
44,Aveiro (Gl贸ria e Vera Cruz)
450,Cacia
356,Cacia
351,Cacia
199,Cacia
434,Cacia
407,Aveiro (Gl髍ia e Vera Cruz)
282,Aveiro (Gl贸ria e Vera Cruz)
400,Aveiro (Gl髍ia e Vera Cruz)
352,Aveiro (Gl贸ria e Vera Cruz)
334,Aveiro (Gl髍ia e Vera Cruz)
492,Aveiro (Gl髍ia e Vera Cruz)
112,Aveiro (Gl髍ia e Vera Cruz)
230,Aveiro (Gl贸ria e Vera Cruz)
439,Aveiro (Gl髍ia e Vera Cruz)
494,Aveiro (Gl髍ia e Vera Cruz)
485,Aveiro (Gl髍ia e Vera Cruz)
237,Cacia
387,Cacia
310,Cacia
29,Cacia
447,Aveiro (Gl贸ria e Vera Cruz)
79,Aveiro
424,Nariz
260,Nariz
64,Aveiro
38,Esgueira
254,Aveiro (Gl贸ria e Vera Cruz)
410,Aveiro (Gl贸ria e Vera Cruz)
219,Aveiro (Gl贸ria e Vera Cruz)
10,Aveiro (Gl贸ria e Vera Cruz)
42,Esgueira
448,Aveiro (Gl贸ria e Vera Cruz)
343,Cacia
116,Cacia
242,Cacia
377,Aveiro (Gl贸ria e Vera Cruz)
7,Aveiro (Gl贸ria e Vera Cruz)
342,Cacia
314,Cacia
346,Cacia
12,Cacia
197,Cacia
458,Esgueira
270,Aveiro (Gl贸ria e Vera Cruz)
303,Aveiro (Gl贸ria e Vera Cruz)
360,Aveiro (Gl贸ria e Vera Cruz)
402,Aveiro (Gl贸ria e Vera Cruz)
432,Aveiro (Gl贸ria e Vera Cruz)
472,Aveiro (Gl贸ria e Vera Cruz)
158,Aveiro (Gl贸ria e Vera Cruz)
278,Aveiro (Gl贸ria e Vera Cruz)
444,Aveiro (Gl贸ria e Vera Cruz)
169,Aveiro (Gl贸ria e Vera Cruz)
231,Aveiro (Gl贸ria e Vera Cruz)
332,Aveiro (Gl贸ria e Vera Cruz)
454,Esgueira
276,Aveiro (Gl贸ria e Vera Cruz)
46,Aveiro (Gl贸ria e Vera Cruz)
316,Aveiro (Gl贸ria e Vera Cruz)
358,Aveiro (Gl贸ria e Vera Cruz)
31,Aveiro (Gl贸ria e Vera Cruz)
390,Esgueira
51,Esgueira
76,Aveiro (Gl贸ria e Vera Cruz)
294,Esgueira
163,Esgueira
249,Esgueira
395,Esgueira
235,Esgueira
147,Esgueira
302,Esgueira
86,Esgueira
225,Esgueira
165,Esgueira
94,Cacia
388,Cacia
347,Cacia
148,Aveiro
4,Cacia
100,Cacia
196,Cacia
453,Requeixo
48,Aveiro
127,Aveiro
161,Cacia
222,Aveiro (Gl贸ria e Vera Cruz)
36,Cacia
215,Cacia
484,Aveiro (Gl贸ria e Vera Cruz)
489,Aveiro (Gl贸ria e Vera Cruz)
496,Cacia
256,Aveiro (Gl贸ria e Vera Cruz)
430,Aveiro (Gl贸ria e Vera Cruz)
25,Aveiro (Gl贸ria e Vera Cruz)
198,Aveiro (Gl贸ria e Vera Cruz)
176,Aveiro (Gl贸ria e Vera Cruz)
393,Aveiro (Gl贸ria e Vera Cruz)
285,Cacia
449,Aveiro (Gl贸ria e Vera Cruz)
463,Aveiro (Gl贸ria e Vera Cruz)
159,Aveiro (Gl贸ria e Vera Cruz)
203,Cacia
446,Aveiro (Gl贸ria e Vera Cruz)
394,Cacia
17,Aveiro (Gl贸ria e Vera Cruz)
28,Aveiro (Gl贸ria e Vera Cruz)
239,Aveiro (Gl贸ria e Vera Cruz)
142,Aradas
440,Esgueira
365,Esgueira
368,Esgueira
57,Esgueira
11,Esgueira
202,Esgueira
191,Esgueira
134,Cacia
296,Cacia
258,Cacia
175,Cacia
391,Cacia
184,S茫o Bernardo
18,Esgueira
291,Esgueira
323,Esgueira
246,Aveiro (Gl贸ria e Vera Cruz)
30,Aveiro (Gl贸ria e Vera Cruz)
243,Aveiro (Gl贸ria e Vera Cruz)
414,Aradas
73,Aveiro (Gl贸ria e Vera Cruz)
422,Aradas
367,Esgueira
15,Oliveirinha
129,Aveiro (Gl贸ria e Vera Cruz)
87,Aveiro
59,Aveiro
364,Esgueira
40,Cacia
279,Eixo
427,Esgueira
369,Oliveirinha
338,Cacia
479,Aradas
336,Aradas
106,Aveiro (Gl贸ria e Vera Cruz)
206,Aveiro (Gl贸ria e Vera Cruz)
293,Cacia
0,Aradas
330,Aradas
114,Aradas
131,Aradas
24,Aradas
132,Aradas
499,Oliveirinha
385,Aradas
238,Aradas
111,Aradas
154,Aveiro (Gl贸ria e Vera Cruz)
445,Aradas
326,Aradas
460,Oliveirinha
19,Aveiro (Gl髍ia e Vera Cruz)
200,Aveiro (Gl贸ria e Vera Cruz)
375,Aveiro (Gl贸ria e Vera Cruz)
145,Aveiro (Gl贸ria e Vera Cruz)
462,Esgueira
397,Esgueira
204,Esgueira
52,Esgueira
341,Esgueira
228,S鉶 Bernardo
136,Esgueira
212,S鉶 Bernardo
50,Esgueira
274,Aveiro (Gl贸ria e Vera Cruz)
396,Aradas
162,Esgueira
503,Esgueira
324,Esgueira
470,Aradas
56,Aveiro (Gl贸ria e Vera Cruz)
152,Aradas
22,S鉶 Bernardo
216,Aradas
138,Aradas
353,Aradas
382,Aveiro (Gl贸ria e Vera Cruz)
240,Aradas
174,Oliveirinha
34,Oliveirinha
507,Aradas
320,S鉶 Bernardo
26,Eixo
91,S鉶 Bernardo
252,S鉶 Bernardo
2,S鉶 Bernardo
327,S鉶 Bernardo
153,S鉶 Bernardo
150,S鉶 Bernardo
490,Oliveirinha
217,Oliveirinha
170,Oliveirinha
335,Oliveirinha
186,Aradas
122,Oliveirinha
331,Oliveirinha
498,Oliveirinha
317,Oliveirinha
428,Oliveirinha
35,Cacia
272,Aveiro (Gl贸ria e Vera Cruz)
16,Aveiro (Gl贸ria e Vera Cruz)
39,Cacia
49,Cacia
139,Cacia
65,Cacia
264,Aveiro (Gl贸ria e Vera Cruz)
70,Eixo
468,Esgueira
506,Esgueira
125,Esgueira
419,Esgueira
74,Aveiro (Gl贸ria e Vera Cruz)
9,Aveiro (Gl贸ria e Vera Cruz)
415,Esgueira
43,Esgueira
188,Requeixo
403,Aveiro (Gl贸ria e Vera Cruz)
146,Esgueira
386,Cacia
372,Cacia
466,Cacia
398,Esgueira
90,S鉶 Bernardo
195,Cacia
157,Cacia
283,Cacia
435,Cacia
89,Cacia
99,Cacia
124,Aveiro
290,S鉶 Bernardo
487,Eixo
420,Eixo
399,Aveiro
166,Nariz
289,Nariz
443,Eixo
344,S鉶 Bernardo
345,Cacia
355,Eixo
300,Cacia
464,Cacia
181,Esgueira
366,Cacia
370,S鉶 Bernardo
425,S鉶 Bernardo
359,Eixo
309,Eixo
189,Eixo
451,S鉶 Bernardo
287,S鉶 Bernardo
452,Eixo
164,Eixo
273,S鉶 Bernardo
251,S鉶 Bernardo
214,Aveiro
461,S鉶 Bernardo
438,Aveiro
247,Eixo
60,Cacia
305,Cacia
295,S鉶 Bernardo
268,S鉶 Bernardo
500,S鉶 Bernardo
361,Cacia
405,Esgueira
480,Aveiro
261,Aveiro
505,Esgueira
32,Aveiro (Gl贸ria e Vera Cruz)
179,Eixo
58,Eixo
209,Eixo
69,Nariz
337,Aveiro
123,Oliveirinha
433,Aveiro (Gl贸ria e Vera Cruz)
476,Aveiro
421,Aveiro
95,Aveiro
304,Aveiro
473,Aveiro
363,Eixo
115,Eixo
404,Esgueira
339,Aveiro (Gl贸ria e Vera Cruz)
456,Cacia
13,Aveiro (Gl贸ria e Vera Cruz)
83,S茫o Bernardo
340,Cacia
105,Aveiro
483,Cacia
275,Cacia
68,Cacia
482,Aveiro (Gl贸ria e Vera Cruz)
180,Aveiro (Gl贸ria e Vera Cruz)
423,Cacia
308,Nariz
315,Aveiro (Gl贸ria e Vera Cruz)
66,Cacia
255,Oliveirinha
259,Esgueira
